#
# There is insufficient memory for the Java Runtime Environment to continue.
# Native memory allocation (malloc) failed to allocate 28631832 bytes. Error detail: Chunk::new
# Possible reasons:
#   The system is out of physical RAM or swap space
#   This process is running with CompressedOops enabled, and the Java Heap may be blocking the growth of the native heap
# Possible solutions:
#   Reduce memory load on the system
#   Increase physical memory or swap space
#   Check if swap backing store is full
#   Decrease Java heap size (-Xmx/-Xms)
#   Decrease number of Java threads
#   Decrease Java thread stack sizes (-Xss)
#   Set larger code cache with -XX:ReservedCodeCacheSize=
#   JVM is running with Zero Based Compressed Oops mode in which the Java heap is
#     placed in the first 32GB address space. The Java Heap base address is the
#     maximum limit for the native heap growth. Please use -XX:HeapBaseMinAddress
#     to set the Java Heap base and to place the Java Heap above 32GB virtual address.
# This output file may be truncated or incomplete.
#
#  Out of Memory Error (arena.cpp:193), pid=19408, tid=16988
#
# JRE version: Java(TM) SE Runtime Environment (26.0.2+10) (build 26.0.2+10-55)
# Java VM: Java HotSpot(TM) 64-Bit Server VM (26.0.2+10-55, mixed mode, sharing, tiered, compressed oops, compressed class ptrs, g1 gc, windows-amd64)
# No core dump will be written. Minidumps are not enabled by default on client versions of Windows
#

---------------  S U M M A R Y ------------

Command Line: -Declipse.application=org.eclipse.jdt.ls.core.id1 -Dosgi.bundles.defaultStartLevel=4 -Declipse.product=org.eclipse.jdt.ls.core.product -Dosgi.checkConfiguration=true -Dosgi.sharedConfiguration.area=C:/Users/Admin/AppData/Local/Zed/extensions/work/java/jdtls/1.61.0/config_win -Dosgi.sharedConfiguration.area.readOnly=true -Dosgi.configuration.cascaded=true -Djava.import.generatesMetadataFilesAtProjectRoot=false -Djava.net.preferIPv4Stack=true -Xms1G --add-modules=ALL-SYSTEM --add-opens=java.base/java.util=ALL-UNNAMED --add-opens=java.base/java.lang=ALL-UNNAMED -javaagent:C:/Users/Admin/AppData/Local/Zed/extensions/work/java/lombok/lombok-1.18.48.jar C:/Users/Admin/AppData/Local/Zed/extensions/work/java/jdtls/1.61.0/plugins/org.eclipse.equinox.launcher_1.8.0.v20260804-1928.jar -data C:\Users\Admin\AppData\Roaming/jdtls-711a4d295c43b7523bf46a0af055adda72f57ff5 -Djdk.xml.maxGeneralEntitySizeLimit=0 -Djdk.xml.totalEntitySizeLimit=0

Host: Intel(R) Core(TM) i5-8250U CPU @ 1.60GHz, 8 cores, 15G,  Windows 10 , 64 bit Build 19041 (10.0.19041.5915)
Time: Thu Oct  1 15:33:09 2026 India Standard Time elapsed time: 382.421730 seconds (0d 0h 6m 22s)

---------------  T H R E A D  ---------------

Current thread (0x000001f00090c030):  JavaThread "C2 CompilerThread0" daemon [_thread_in_native, id=16988, stack(0x000000168a900000,0x000000168aa00000) (1024K)]


Current CompileTask:
C2:382421 11882       4       lombok.core.AST::buildWithField (21 bytes)

Stack: [0x000000168a900000,0x000000168aa00000]
Native frames: (J=compiled Java code, j=interpreted, Vv=VM code, C=native code)
V  [jvm.dll+0x7d6ea9]  (no source info available)
V  [jvm.dll+0x7a4dcd]  (no source info available)
V  [jvm.dll+0x9b2390]  (no source info available)
V  [jvm.dll+0x9b47e1]  (no source info available)
V  [jvm.dll+0x9b4ef3]  (no source info available)
V  [jvm.dll+0x30f4d6]  (no source info available)
V  [jvm.dll+0x11ddb6]  (no source info available)
V  [jvm.dll+0x11e0de]  (no source info available)
V  [jvm.dll+0x1b00f6]  (no source info available)
V  [jvm.dll+0x3cc262]  (no source info available)
V  [jvm.dll+0x7dfaa2]  (no source info available)
V  [jvm.dll+0x2d2947]  (no source info available)
V  [jvm.dll+0x2d18bf]  (no source info available)
V  [jvm.dll+0x246d30]  (no source info available)
V  [jvm.dll+0x2e19dc]  (no source info available)
V  [jvm.dll+0x2dfbbd]  (no source info available)
V  [jvm.dll+0x4a5a61]  (no source info available)
V  [jvm.dll+0x950d59]  (no source info available)
V  [jvm.dll+0x7d8988]  (no source info available)
C  [ucrtbase.dll+0x21bb2]  (no source info available)
C  [KERNEL32.DLL+0x17374]  (no source info available)
C  [ntdll.dll+0x4cc91]  (no source info available)

Lock stack of current Java thread (top to bottom):


---------------  P R O C E S S  ---------------

Threads class SMR info:
_java_thread_list=0x000001f0138ecfc0, length=45, elements={
0x000001f0605d3720, 0x000001f0008fa200, 0x000001f0008fcc60, 0x000001f0007aef80,
0x000001f000900890, 0x000001f000901830, 0x000001f000904710, 0x000001f00090c030,
0x000001f00090fd00, 0x000001f000905e80, 0x000001f000902fa0, 0x000001f005759630,
0x000001f00575a5d0, 0x000001f00575c510, 0x000001f005a270d0, 0x000001f005a26900,
0x000001f005a29010, 0x000001f005a23a20, 0x000001f005a25960, 0x000001f0009027d0,
0x000001f006b4d940, 0x000001f006b4f0b0, 0x000001f0089bd000, 0x000001f0089bd7d0,
0x000001f006da7000, 0x000001f00862e270, 0x000001f0086301b0, 0x000001f00862abc0,
0x000001f006da7fa0, 0x000001f006da8770, 0x000001f006dad590, 0x000001f006da6060,
0x000001f006b4e110, 0x000001f006b4e8e0, 0x000001f0089bf710, 0x000001f0089c1e20,
0x000001f0089bb890, 0x000001f005a25190, 0x000001f00575ada0, 0x000001f005756750,
0x000001f013403e80, 0x000001f013402ee0, 0x000001f013400000, 0x000001f006c740d0,
0x000001f006c6f030
}

Java Threads: ( => current thread )
  0x000001f0605d3720 JavaThread "main"                              [_thread_blocked, id=8432, stack(0x0000001689a00000,0x0000001689b00000) (1024K)]
  0x000001f0008fa200 JavaThread "Reference Handler"          daemon [_thread_blocked, id=18108, stack(0x000000168a300000,0x000000168a400000) (1024K)]
  0x000001f0008fcc60 JavaThread "Finalizer"                  daemon [_thread_blocked, id=1368, stack(0x000000168a400000,0x000000168a500000) (1024K)]
  0x000001f0007aef80 JavaThread "Signal Dispatcher"          daemon [_thread_blocked, id=11256, stack(0x000000168a500000,0x000000168a600000) (1024K)]
  0x000001f000900890 JavaThread "Attach Listener"            daemon [_thread_blocked, id=9528, stack(0x000000168a600000,0x000000168a700000) (1024K)]
  0x000001f000901830 JavaThread "Service Thread"             daemon [_thread_blocked, id=16664, stack(0x000000168a700000,0x000000168a800000) (1024K)]
  0x000001f000904710 JavaThread "Monitor Deflation Thread"   daemon [_thread_blocked, id=7176, stack(0x000000168a800000,0x000000168a900000) (1024K)]
=>0x000001f00090c030 JavaThread "C2 CompilerThread0"         daemon [_thread_in_native, id=16988, stack(0x000000168a900000,0x000000168aa00000) (1024K)]
  0x000001f00090fd00 JavaThread "C1 CompilerThread0"         daemon [_thread_blocked, id=14852, stack(0x000000168aa00000,0x000000168ab00000) (1024K)]
  0x000001f000905e80 JavaThread "Common-Cleaner"             daemon [_thread_blocked, id=4148, stack(0x000000168ac00000,0x000000168ad00000) (1024K)]
  0x000001f000902fa0 JavaThread "Notification Thread"        daemon [_thread_blocked, id=5568, stack(0x000000168ad00000,0x000000168ae00000) (1024K)]
  0x000001f005759630 JavaThread "Active Thread: Equinox Container: 27963a4a-d3ed-4e84-8392-19604ebc0b6d"        [_thread_blocked, id=132, stack(0x000000168af00000,0x000000168b000000) (1024K)]
  0x000001f00575a5d0 JavaThread "Framework Event Dispatcher: Equinox Container: 27963a4a-d3ed-4e84-8392-19604ebc0b6d" daemon [_thread_blocked, id=10244, stack(0x000000168b700000,0x000000168b800000) (1024K)]
  0x000001f00575c510 JavaThread "Start Level: Equinox Container: 27963a4a-d3ed-4e84-8392-19604ebc0b6d" daemon [_thread_blocked, id=15156, stack(0x000000168b800000,0x000000168b900000) (1024K)]
  0x000001f005a270d0 JavaThread "Bundle File Closer"         daemon [_thread_blocked, id=11828, stack(0x000000168b900000,0x000000168ba00000) (1024K)]
  0x000001f005a26900 JavaThread "SCR Component Actor"        daemon [_thread_blocked, id=11948, stack(0x000000168ab00000,0x000000168ac00000) (1024K)]
  0x000001f005a29010 JavaThread "Worker-JM"                         [_thread_blocked, id=6228, stack(0x000000168ae00000,0x000000168af00000) (1024K)]
  0x000001f005a23a20 JavaThread "JNA Cleaner"                daemon [_thread_blocked, id=3632, stack(0x000000168bb00000,0x000000168bc00000) (1024K)]
  0x000001f005a25960 JavaThread "Worker-1"                          [_thread_blocked, id=7132, stack(0x000000168bd00000,0x000000168be00000) (1024K)]
  0x000001f0009027d0 JavaThread "Java indexing"              daemon [_thread_blocked, id=8072, stack(0x000000168bf00000,0x000000168c000000) (1024K)]
  0x000001f006b4d940 JavaThread "Worker-4"                          [_thread_blocked, id=13088, stack(0x000000168c500000,0x000000168c600000) (1024K)]
  0x000001f006b4f0b0 JavaThread "pool-2-thread-1"                   [_thread_blocked, id=5864, stack(0x000000168c700000,0x000000168c800000) (1024K)]
  0x000001f0089bd000 JavaThread "WorkspaceEventsHandler"            [_thread_blocked, id=5536, stack(0x000000168c800000,0x000000168c900000) (1024K)]
  0x000001f0089bd7d0 JavaThread "pool-1-thread-1"                   [_thread_in_native, id=13220, stack(0x000000168c900000,0x000000168ca00000) (1024K)]
  0x000001f006da7000 JavaThread "InnocuousThread-1"          daemon [_thread_blocked, id=12976, stack(0x000000168cf00000,0x000000168d000000) (1024K)]
  0x000001f00862e270 JavaThread "ForkJoinPool.commonPool-worker-4" daemon [_thread_blocked, id=12268, stack(0x0000001689900000,0x0000001689a00000) (1024K)]
  0x000001f0086301b0 JavaThread "ForkJoinPool.commonPool-worker-5" daemon [_thread_blocked, id=3824, stack(0x000000168c000000,0x000000168c100000) (1024K)]
  0x000001f00862abc0 JavaThread "ForkJoinPool.commonPool-worker-6" daemon [_thread_blocked, id=17892, stack(0x000000168ba00000,0x000000168bb00000) (1024K)]
  0x000001f006da7fa0 JavaThread "ForkJoinPool.commonPool-worker-7" daemon [_thread_blocked, id=17420, stack(0x000000168c200000,0x000000168c300000) (1024K)]
  0x000001f006da8770 JavaThread "ForkJoinPool.commonPool-worker-8" daemon [_thread_blocked, id=17424, stack(0x000000168c300000,0x000000168c400000) (1024K)]
  0x000001f006dad590 JavaThread "ForkJoinPool.commonPool-worker-9" daemon [_thread_blocked, id=9244, stack(0x000000168c600000,0x000000168c700000) (1024K)]
  0x000001f006da6060 JavaThread "ForkJoinPool.commonPool-worker-10" daemon [_thread_blocked, id=7460, stack(0x000000168cb00000,0x000000168cc00000) (1024K)]
  0x000001f006b4e110 JavaThread "Worker-6"                          [_thread_blocked, id=11944, stack(0x000000168cc00000,0x000000168cd00000) (1024K)]
  0x000001f006b4e8e0 JavaThread "Compiler Source File Reader" daemon [_thread_blocked, id=10112, stack(0x000000168cd00000,0x000000168ce00000) (1024K)]
  0x000001f0089bf710 JavaThread "Compiler Processing Task"   daemon [_thread_blocked, id=2500, stack(0x000000168ce00000,0x000000168cf00000) (1024K)]
  0x000001f0089c1e20 JavaThread "PatternSearchJob-worker-4"  daemon [_thread_blocked, id=8388, stack(0x000000168d000000,0x000000168d100000) (1024K)]
  0x000001f0089bb890 JavaThread "PatternSearchJob-worker-5"  daemon [_thread_blocked, id=18008, stack(0x000000168d100000,0x000000168d200000) (1024K)]
  0x000001f005a25190 JavaThread "PatternSearchJob-worker-6"  daemon [_thread_blocked, id=12892, stack(0x000000168d200000,0x000000168d300000) (1024K)]
  0x000001f00575ada0 JavaThread "pool-1-thread-2"                   [_thread_blocked, id=18292, stack(0x000000168d300000,0x000000168d400000) (1024K)]
  0x000001f005756750 JavaThread "Compiler Source File Reader" daemon [_thread_blocked, id=16228, stack(0x000000168d400000,0x000000168d500000) (1024K)]
  0x000001f013403e80 JavaThread "pool-1-thread-3"                   [_thread_blocked, id=11776, stack(0x000000168d500000,0x000000168d600000) (1024K)]
  0x000001f013402ee0 JavaThread "Compiler Source File Reader" daemon [_thread_blocked, id=7236, stack(0x000000168d600000,0x000000168d700000) (1024K)]
  0x000001f013400000 JavaThread "Compiler Source File Reader" daemon [_thread_blocked, id=11400, stack(0x000000168bc00000,0x000000168bd00000) (1024K)]
  0x000001f006c740d0 JavaThread "C2 CompilerThread1"         daemon [_thread_blocked, id=11404, stack(0x000000168c100000,0x000000168c200000) (1024K)]
  0x000001f006c6f030 JavaThread "C2 CompilerThread2"         daemon [_thread_blocked, id=11564, stack(0x000000168c400000,0x000000168c500000) (1024K)]
Total: 45

Other Threads:
  0x000001f0008ef5b0 VMThread "VM Thread"                           [id=15640, stack(0x000000168a200000,0x000000168a300000) (1024K)]
  0x000001f0008da220 WatcherThread "VM Periodic Task Thread"        [id=6600, stack(0x000000168a100000,0x000000168a200000) (1024K)]
  0x000001f06061ec20 WorkerThread "GC Thread#0"                     [id=12584, stack(0x0000001689b00000,0x0000001689c00000) (1024K)]
  0x000001f0059e6250 WorkerThread "GC Thread#1"                     [id=16168, stack(0x000000168b000000,0x000000168b100000) (1024K)]
  0x000001f0059e6670 WorkerThread "GC Thread#2"                     [id=16076, stack(0x000000168b100000,0x000000168b200000) (1024K)]
  0x000001f0059e6a90 WorkerThread "GC Thread#3"                     [id=2120, stack(0x000000168b200000,0x000000168b300000) (1024K)]
  0x000001f0059e72b0 WorkerThread "GC Thread#4"                     [id=9392, stack(0x000000168b300000,0x000000168b400000) (1024K)]
  0x000001f0059e76d0 WorkerThread "GC Thread#5"                     [id=17484, stack(0x000000168b400000,0x000000168b500000) (1024K)]
  0x000001f0059e7f00 WorkerThread "GC Thread#6"                     [id=18300, stack(0x000000168b500000,0x000000168b600000) (1024K)]
  0x000001f0059e8730 WorkerThread "GC Thread#7"                     [id=11964, stack(0x000000168b600000,0x000000168b700000) (1024K)]
  0x000001f060638730 ConcurrentGCThread "G1 Main Marker"            [id=6676, stack(0x0000001689c00000,0x0000001689d00000) (1024K)]
  0x000001f060639a50 WorkerThread "G1 Conc#0"                       [id=2260, stack(0x0000001689d00000,0x0000001689e00000) (1024K)]
  0x000001f006ccc000 WorkerThread "G1 Conc#1"                       [id=17916, stack(0x000000168be00000,0x000000168bf00000) (1024K)]
  0x000001f0007ac480 WorkerThread "G1 Refinement Workers#0"         [id=18840, stack(0x0000001689f00000,0x000000168a000000) (1024K)]
  0x000001f0007a99b0 ConcurrentGCThread "G1 Refine Control"         [id=6300, stack(0x0000001689e00000,0x0000001689f00000) (1024K)]
  0x000001f0007acdf0 ConcurrentGCThread "G1 Service"                [id=11880, stack(0x000000168a000000,0x000000168a100000) (1024K)]
Total: 16

Threads with active compile tasks:
C2 CompilerThread0  382714 11882       4       lombok.core.AST::buildWithField (21 bytes)
Total: 1

VM state: not at safepoint (normal execution)

VM Mutex/Monitor currently owned by a thread: None

Heap address: 0x0000000702200000, size: 4062 MB, Compressed Oops mode: Zero based, Oop shift amount: 3

CDS archive(s) mapped at: [0x0000000029000000-0x0000000029de0000-0x0000000029de0000), size 14548992, SharedBaseAddress: 0x0000000029000000, ArchiveRelocationMode: 1.
Compressed class space mapped at: 0x000000002a000000-0x000000006a000000, reserved size: 1073741824
UseCompressedClassPointers 1, UseCompactObjectHeaders 0
Narrow klass pointer bits 32, Max shift 3
Narrow klass base: 0x0000000029000000, Narrow klass shift: 0
Encoding Range: [0x0000000029000000 - 0x0000000129000000), (4294967296 bytes)
Klass Range:    [0x0000000029000000 - 0x000000006a000000), (1090519040 bytes)
Klass ID Range:  [8 - 1090519033) (1090519025)
Protection zone: [0x0000000029000000 - 0x0000000029010000), (65536 bytes)

GC Precious Log:
 CardTable entry size: 512
 Card Set container configuration: InlinePtr #cards 4 size 8 Array Of Cards #cards 16 size 48 Howl #buckets 8 coarsen threshold 3686 Howl Bitmap #cards 512 size 80 coarsen threshold 460 Card regions per heap region 1 cards per card region 4096
 CPUs: 8 total, 8 available
 Memory: 16243M
 Large Page Support: Disabled
 NUMA Support: Disabled
 Compressed Oops: Enabled (Zero based)
 Heap Region Size: 2M
 Heap Min Capacity: 1G
 Heap Initial Capacity: 1G
 Heap Max Capacity: 4062M
 Pre-touch: Disabled
 Parallel Workers: 8
 Concurrent Workers: 2
 Concurrent Refinement Workers: 8
 Periodic GC: Disabled

Heap:
 garbage-first heap   total reserved 4159488K, committed 1050624K, used 81055K [0x0000000702200000, 0x0000000800000000)
  region size 2M, 14 eden (28M), 18 survivor (36M), 9 old (18M), 0 humongous (0M), 472 free (944M)

Heap Regions: E=young(eden), S=young(survivor), O=old, HS=humongous(starts), HC=humongous(continues), CS=collection set, F=free, TAMS=top-at-mark-start, PB=parsable bottom
|    0|0x0000000702200000, 0x0000000702400000, 0x0000000702400000|100%| O|  |TAMS 0x0000000702200000| PB 0x0000000702200000| Untracked |  0
|    1|0x0000000702400000, 0x0000000702400000, 0x0000000702600000|  0%| F|  |TAMS 0x0000000702400000| PB 0x0000000702400000| Untracked |  0
|    2|0x0000000702600000, 0x0000000702600000, 0x0000000702800000|  0%| F|  |TAMS 0x0000000702600000| PB 0x0000000702600000| Untracked |  0
|    3|0x0000000702800000, 0x0000000702800000, 0x0000000702a00000|  0%| F|  |TAMS 0x0000000702800000| PB 0x0000000702800000| Untracked |  0
|    4|0x0000000702a00000, 0x0000000702a00000, 0x0000000702c00000|  0%| F|  |TAMS 0x0000000702a00000| PB 0x0000000702a00000| Untracked |  0
|    5|0x0000000702c00000, 0x0000000702c00000, 0x0000000702e00000|  0%| F|  |TAMS 0x0000000702c00000| PB 0x0000000702c00000| Untracked |  0
|    6|0x0000000702e00000, 0x0000000702e00000, 0x0000000703000000|  0%| F|  |TAMS 0x0000000702e00000| PB 0x0000000702e00000| Untracked |  0
|    7|0x0000000703000000, 0x0000000703000000, 0x0000000703200000|  0%| F|  |TAMS 0x0000000703000000| PB 0x0000000703000000| Untracked |  0
|    8|0x0000000703200000, 0x0000000703200000, 0x0000000703400000|  0%| F|  |TAMS 0x0000000703200000| PB 0x0000000703200000| Untracked |  0
|    9|0x0000000703400000, 0x0000000703400000, 0x0000000703600000|  0%| F|  |TAMS 0x0000000703400000| PB 0x0000000703400000| Untracked |  0
|   10|0x0000000703600000, 0x0000000703600000, 0x0000000703800000|  0%| F|  |TAMS 0x0000000703600000| PB 0x0000000703600000| Untracked |  0
|   11|0x0000000703800000, 0x0000000703800000, 0x0000000703a00000|  0%| F|  |TAMS 0x0000000703800000| PB 0x0000000703800000| Untracked |  0
|   12|0x0000000703a00000, 0x0000000703a00000, 0x0000000703c00000|  0%| F|  |TAMS 0x0000000703a00000| PB 0x0000000703a00000| Untracked |  0
|   13|0x0000000703c00000, 0x0000000703c00000, 0x0000000703e00000|  0%| F|  |TAMS 0x0000000703c00000| PB 0x0000000703c00000| Untracked |  0
|   14|0x0000000703e00000, 0x0000000703e00000, 0x0000000704000000|  0%| F|  |TAMS 0x0000000703e00000| PB 0x0000000703e00000| Untracked |  0
|   15|0x0000000704000000, 0x0000000704000000, 0x0000000704200000|  0%| F|  |TAMS 0x0000000704000000| PB 0x0000000704000000| Untracked |  0
|   16|0x0000000704200000, 0x0000000704200000, 0x0000000704400000|  0%| F|  |TAMS 0x0000000704200000| PB 0x0000000704200000| Untracked |  0
|   17|0x0000000704400000, 0x0000000704400000, 0x0000000704600000|  0%| F|  |TAMS 0x0000000704400000| PB 0x0000000704400000| Untracked |  0
|   18|0x0000000704600000, 0x0000000704600000, 0x0000000704800000|  0%| F|  |TAMS 0x0000000704600000| PB 0x0000000704600000| Untracked |  0
|   19|0x0000000704800000, 0x0000000704800000, 0x0000000704a00000|  0%| F|  |TAMS 0x0000000704800000| PB 0x0000000704800000| Untracked |  0
|   20|0x0000000704a00000, 0x0000000704a00000, 0x0000000704c00000|  0%| F|  |TAMS 0x0000000704a00000| PB 0x0000000704a00000| Untracked |  0
|   21|0x0000000704c00000, 0x0000000704c00000, 0x0000000704e00000|  0%| F|  |TAMS 0x0000000704c00000| PB 0x0000000704c00000| Untracked |  0
|   22|0x0000000704e00000, 0x0000000704e00000, 0x0000000705000000|  0%| F|  |TAMS 0x0000000704e00000| PB 0x0000000704e00000| Untracked |  0
|   23|0x0000000705000000, 0x0000000705000000, 0x0000000705200000|  0%| F|  |TAMS 0x0000000705000000| PB 0x0000000705000000| Untracked |  0
|   24|0x0000000705200000, 0x0000000705200000, 0x0000000705400000|  0%| F|  |TAMS 0x0000000705200000| PB 0x0000000705200000| Untracked |  0
|   25|0x0000000705400000, 0x0000000705400000, 0x0000000705600000|  0%| F|  |TAMS 0x0000000705400000| PB 0x0000000705400000| Untracked |  0
|   26|0x0000000705600000, 0x0000000705600000, 0x0000000705800000|  0%| F|  |TAMS 0x0000000705600000| PB 0x0000000705600000| Untracked |  0
|   27|0x0000000705800000, 0x0000000705800000, 0x0000000705a00000|  0%| F|  |TAMS 0x0000000705800000| PB 0x0000000705800000| Untracked |  0
|   28|0x0000000705a00000, 0x0000000705a00000, 0x0000000705c00000|  0%| F|  |TAMS 0x0000000705a00000| PB 0x0000000705a00000| Untracked |  0
|   29|0x0000000705c00000, 0x0000000705c00000, 0x0000000705e00000|  0%| F|  |TAMS 0x0000000705c00000| PB 0x0000000705c00000| Untracked |  0
|   30|0x0000000705e00000, 0x0000000705e00000, 0x0000000706000000|  0%| F|  |TAMS 0x0000000705e00000| PB 0x0000000705e00000| Untracked |  0
|   31|0x0000000706000000, 0x0000000706000000, 0x0000000706200000|  0%| F|  |TAMS 0x0000000706000000| PB 0x0000000706000000| Untracked |  0
|   32|0x0000000706200000, 0x0000000706200000, 0x0000000706400000|  0%| F|  |TAMS 0x0000000706200000| PB 0x0000000706200000| Untracked |  0
|   33|0x0000000706400000, 0x0000000706400000, 0x0000000706600000|  0%| F|  |TAMS 0x0000000706400000| PB 0x0000000706400000| Untracked |  0
|   34|0x0000000706600000, 0x0000000706600000, 0x0000000706800000|  0%| F|  |TAMS 0x0000000706600000| PB 0x0000000706600000| Untracked |  0
|   35|0x0000000706800000, 0x0000000706800000, 0x0000000706a00000|  0%| F|  |TAMS 0x0000000706800000| PB 0x0000000706800000| Untracked |  0
|   36|0x0000000706a00000, 0x0000000706a00000, 0x0000000706c00000|  0%| F|  |TAMS 0x0000000706a00000| PB 0x0000000706a00000| Untracked |  0
|   37|0x0000000706c00000, 0x0000000706c00000, 0x0000000706e00000|  0%| F|  |TAMS 0x0000000706c00000| PB 0x0000000706c00000| Untracked |  0
|   38|0x0000000706e00000, 0x0000000706e00000, 0x0000000707000000|  0%| F|  |TAMS 0x0000000706e00000| PB 0x0000000706e00000| Untracked |  0
|   39|0x0000000707000000, 0x0000000707000000, 0x0000000707200000|  0%| F|  |TAMS 0x0000000707000000| PB 0x0000000707000000| Untracked |  0
|   40|0x0000000707200000, 0x0000000707200000, 0x0000000707400000|  0%| F|  |TAMS 0x0000000707200000| PB 0x0000000707200000| Untracked |  0
|   41|0x0000000707400000, 0x0000000707400000, 0x0000000707600000|  0%| F|  |TAMS 0x0000000707400000| PB 0x0000000707400000| Untracked |  0
|   42|0x0000000707600000, 0x0000000707600000, 0x0000000707800000|  0%| F|  |TAMS 0x0000000707600000| PB 0x0000000707600000| Untracked |  0
|   43|0x0000000707800000, 0x0000000707800000, 0x0000000707a00000|  0%| F|  |TAMS 0x0000000707800000| PB 0x0000000707800000| Untracked |  0
|   44|0x0000000707a00000, 0x0000000707a00000, 0x0000000707c00000|  0%| F|  |TAMS 0x0000000707a00000| PB 0x0000000707a00000| Untracked |  0
|   45|0x0000000707c00000, 0x0000000707c00000, 0x0000000707e00000|  0%| F|  |TAMS 0x0000000707c00000| PB 0x0000000707c00000| Untracked |  0
|   46|0x0000000707e00000, 0x0000000708000000, 0x0000000708000000|100%| O|  |TAMS 0x0000000707e00000| PB 0x0000000707e00000| Untracked |  0
|   47|0x0000000708000000, 0x0000000708200000, 0x0000000708200000|100%| O|  |TAMS 0x0000000708000000| PB 0x0000000708000000| Untracked |  0
|   48|0x0000000708200000, 0x0000000708400000, 0x0000000708400000|100%| O|  |TAMS 0x0000000708200000| PB 0x0000000708200000| Untracked |  0
|   49|0x0000000708400000, 0x0000000708600000, 0x0000000708600000|100%| O|  |TAMS 0x0000000708400000| PB 0x0000000708400000| Untracked |  0
|   50|0x0000000708600000, 0x0000000708800000, 0x0000000708800000|100%| O|  |TAMS 0x0000000708600000| PB 0x0000000708600000| Untracked |  0
|   51|0x0000000708800000, 0x0000000708a00000, 0x0000000708a00000|100%| O|  |TAMS 0x0000000708800000| PB 0x0000000708800000| Untracked |  0
|   52|0x0000000708a00000, 0x0000000708c00000, 0x0000000708c00000|100%| O|  |TAMS 0x0000000708a00000| PB 0x0000000708a00000| Untracked |  0
|   53|0x0000000708c00000, 0x0000000708d62c00, 0x0000000708e00000| 69%| O|  |TAMS 0x0000000708c00000| PB 0x0000000708c00000| Untracked |  0
|   54|0x0000000708e00000, 0x0000000708e00000, 0x0000000709000000|  0%| F|  |TAMS 0x0000000708e00000| PB 0x0000000708e00000| Untracked |  0
|   55|0x0000000709000000, 0x0000000709000000, 0x0000000709200000|  0%| F|  |TAMS 0x0000000709000000| PB 0x0000000709000000| Untracked |  0
|   56|0x0000000709200000, 0x0000000709200000, 0x0000000709400000|  0%| F|  |TAMS 0x0000000709200000| PB 0x0000000709200000| Untracked |  0
|   57|0x0000000709400000, 0x0000000709400000, 0x0000000709600000|  0%| F|  |TAMS 0x0000000709400000| PB 0x0000000709400000| Untracked |  0
|   58|0x0000000709600000, 0x0000000709600000, 0x0000000709800000|  0%| F|  |TAMS 0x0000000709600000| PB 0x0000000709600000| Untracked |  0
|   59|0x0000000709800000, 0x0000000709800000, 0x0000000709a00000|  0%| F|  |TAMS 0x0000000709800000| PB 0x0000000709800000| Untracked |  0
|   60|0x0000000709a00000, 0x0000000709a00000, 0x0000000709c00000|  0%| F|  |TAMS 0x0000000709a00000| PB 0x0000000709a00000| Untracked |  0
|   61|0x0000000709c00000, 0x0000000709c00000, 0x0000000709e00000|  0%| F|  |TAMS 0x0000000709c00000| PB 0x0000000709c00000| Untracked |  0
|   62|0x0000000709e00000, 0x0000000709e00000, 0x000000070a000000|  0%| F|  |TAMS 0x0000000709e00000| PB 0x0000000709e00000| Untracked |  0
|   63|0x000000070a000000, 0x000000070a000000, 0x000000070a200000|  0%| F|  |TAMS 0x000000070a000000| PB 0x000000070a000000| Untracked |  0
|   64|0x000000070a200000, 0x000000070a200000, 0x000000070a400000|  0%| F|  |TAMS 0x000000070a200000| PB 0x000000070a200000| Untracked |  0
|   65|0x000000070a400000, 0x000000070a400000, 0x000000070a600000|  0%| F|  |TAMS 0x000000070a400000| PB 0x000000070a400000| Untracked |  0
|   66|0x000000070a600000, 0x000000070a600000, 0x000000070a800000|  0%| F|  |TAMS 0x000000070a600000| PB 0x000000070a600000| Untracked |  0
|   67|0x000000070a800000, 0x000000070a800000, 0x000000070aa00000|  0%| F|  |TAMS 0x000000070a800000| PB 0x000000070a800000| Untracked |  0
|   68|0x000000070aa00000, 0x000000070aa00000, 0x000000070ac00000|  0%| F|  |TAMS 0x000000070aa00000| PB 0x000000070aa00000| Untracked |  0
|   69|0x000000070ac00000, 0x000000070ac00000, 0x000000070ae00000|  0%| F|  |TAMS 0x000000070ac00000| PB 0x000000070ac00000| Untracked |  0
|   70|0x000000070ae00000, 0x000000070ae00000, 0x000000070b000000|  0%| F|  |TAMS 0x000000070ae00000| PB 0x000000070ae00000| Untracked |  0
|   71|0x000000070b000000, 0x000000070b000000, 0x000000070b200000|  0%| F|  |TAMS 0x000000070b000000| PB 0x000000070b000000| Untracked |  0
|   72|0x000000070b200000, 0x000000070b200000, 0x000000070b400000|  0%| F|  |TAMS 0x000000070b200000| PB 0x000000070b200000| Untracked |  0
|   73|0x000000070b400000, 0x000000070b400000, 0x000000070b600000|  0%| F|  |TAMS 0x000000070b400000| PB 0x000000070b400000| Untracked |  0
|   74|0x000000070b600000, 0x000000070b600000, 0x000000070b800000|  0%| F|  |TAMS 0x000000070b600000| PB 0x000000070b600000| Untracked |  0
|   75|0x000000070b800000, 0x000000070b800000, 0x000000070ba00000|  0%| F|  |TAMS 0x000000070b800000| PB 0x000000070b800000| Untracked |  0
|   76|0x000000070ba00000, 0x000000070ba00000, 0x000000070bc00000|  0%| F|  |TAMS 0x000000070ba00000| PB 0x000000070ba00000| Untracked |  0
|   77|0x000000070bc00000, 0x000000070bc00000, 0x000000070be00000|  0%| F|  |TAMS 0x000000070bc00000| PB 0x000000070bc00000| Untracked |  0
|   78|0x000000070be00000, 0x000000070be00000, 0x000000070c000000|  0%| F|  |TAMS 0x000000070be00000| PB 0x000000070be00000| Untracked |  0
|   79|0x000000070c000000, 0x000000070c000000, 0x000000070c200000|  0%| F|  |TAMS 0x000000070c000000| PB 0x000000070c000000| Untracked |  0
|   80|0x000000070c200000, 0x000000070c200000, 0x000000070c400000|  0%| F|  |TAMS 0x000000070c200000| PB 0x000000070c200000| Untracked |  0
|   81|0x000000070c400000, 0x000000070c400000, 0x000000070c600000|  0%| F|  |TAMS 0x000000070c400000| PB 0x000000070c400000| Untracked |  0
|   82|0x000000070c600000, 0x000000070c600000, 0x000000070c800000|  0%| F|  |TAMS 0x000000070c600000| PB 0x000000070c600000| Untracked |  0
|   83|0x000000070c800000, 0x000000070c800000, 0x000000070ca00000|  0%| F|  |TAMS 0x000000070c800000| PB 0x000000070c800000| Untracked |  0
|   84|0x000000070ca00000, 0x000000070ca00000, 0x000000070cc00000|  0%| F|  |TAMS 0x000000070ca00000| PB 0x000000070ca00000| Untracked |  0
|   85|0x000000070cc00000, 0x000000070cc00000, 0x000000070ce00000|  0%| F|  |TAMS 0x000000070cc00000| PB 0x000000070cc00000| Untracked |  0
|   86|0x000000070ce00000, 0x000000070ce00000, 0x000000070d000000|  0%| F|  |TAMS 0x000000070ce00000| PB 0x000000070ce00000| Untracked |  0
|   87|0x000000070d000000, 0x000000070d000000, 0x000000070d200000|  0%| F|  |TAMS 0x000000070d000000| PB 0x000000070d000000| Untracked |  0
|   88|0x000000070d200000, 0x000000070d200000, 0x000000070d400000|  0%| F|  |TAMS 0x000000070d200000| PB 0x000000070d200000| Untracked |  0
|   89|0x000000070d400000, 0x000000070d400000, 0x000000070d600000|  0%| F|  |TAMS 0x000000070d400000| PB 0x000000070d400000| Untracked |  0
|   90|0x000000070d600000, 0x000000070d600000, 0x000000070d800000|  0%| F|  |TAMS 0x000000070d600000| PB 0x000000070d600000| Untracked |  0
|   91|0x000000070d800000, 0x000000070d800000, 0x000000070da00000|  0%| F|  |TAMS 0x000000070d800000| PB 0x000000070d800000| Untracked |  0
|   92|0x000000070da00000, 0x000000070da00000, 0x000000070dc00000|  0%| F|  |TAMS 0x000000070da00000| PB 0x000000070da00000| Untracked |  0
|   93|0x000000070dc00000, 0x000000070dc00000, 0x000000070de00000|  0%| F|  |TAMS 0x000000070dc00000| PB 0x000000070dc00000| Untracked |  0
|   94|0x000000070de00000, 0x000000070de00000, 0x000000070e000000|  0%| F|  |TAMS 0x000000070de00000| PB 0x000000070de00000| Untracked |  0
|   95|0x000000070e000000, 0x000000070e000000, 0x000000070e200000|  0%| F|  |TAMS 0x000000070e000000| PB 0x000000070e000000| Untracked |  0
|   96|0x000000070e200000, 0x000000070e200000, 0x000000070e400000|  0%| F|  |TAMS 0x000000070e200000| PB 0x000000070e200000| Untracked |  0
|   97|0x000000070e400000, 0x000000070e400000, 0x000000070e600000|  0%| F|  |TAMS 0x000000070e400000| PB 0x000000070e400000| Untracked |  0
|   98|0x000000070e600000, 0x000000070e600000, 0x000000070e800000|  0%| F|  |TAMS 0x000000070e600000| PB 0x000000070e600000| Untracked |  0
|   99|0x000000070e800000, 0x000000070e800000, 0x000000070ea00000|  0%| F|  |TAMS 0x000000070e800000| PB 0x000000070e800000| Untracked |  0
|  100|0x000000070ea00000, 0x000000070ea00000, 0x000000070ec00000|  0%| F|  |TAMS 0x000000070ea00000| PB 0x000000070ea00000| Untracked |  0
|  101|0x000000070ec00000, 0x000000070ec00000, 0x000000070ee00000|  0%| F|  |TAMS 0x000000070ec00000| PB 0x000000070ec00000| Untracked |  0
|  102|0x000000070ee00000, 0x000000070ee00000, 0x000000070f000000|  0%| F|  |TAMS 0x000000070ee00000| PB 0x000000070ee00000| Untracked |  0
|  103|0x000000070f000000, 0x000000070f000000, 0x000000070f200000|  0%| F|  |TAMS 0x000000070f000000| PB 0x000000070f000000| Untracked |  0
|  104|0x000000070f200000, 0x000000070f200000, 0x000000070f400000|  0%| F|  |TAMS 0x000000070f200000| PB 0x000000070f200000| Untracked |  0
|  105|0x000000070f400000, 0x000000070f400000, 0x000000070f600000|  0%| F|  |TAMS 0x000000070f400000| PB 0x000000070f400000| Untracked |  0
|  106|0x000000070f600000, 0x000000070f600000, 0x000000070f800000|  0%| F|  |TAMS 0x000000070f600000| PB 0x000000070f600000| Untracked |  0
|  107|0x000000070f800000, 0x000000070f800000, 0x000000070fa00000|  0%| F|  |TAMS 0x000000070f800000| PB 0x000000070f800000| Untracked |  0
|  108|0x000000070fa00000, 0x000000070fa00000, 0x000000070fc00000|  0%| F|  |TAMS 0x000000070fa00000| PB 0x000000070fa00000| Untracked |  0
|  109|0x000000070fc00000, 0x000000070fc00000, 0x000000070fe00000|  0%| F|  |TAMS 0x000000070fc00000| PB 0x000000070fc00000| Untracked |  0
|  110|0x000000070fe00000, 0x000000070fe00000, 0x0000000710000000|  0%| F|  |TAMS 0x000000070fe00000| PB 0x000000070fe00000| Untracked |  0
|  111|0x0000000710000000, 0x0000000710000000, 0x0000000710200000|  0%| F|  |TAMS 0x0000000710000000| PB 0x0000000710000000| Untracked |  0
|  112|0x0000000710200000, 0x0000000710200000, 0x0000000710400000|  0%| F|  |TAMS 0x0000000710200000| PB 0x0000000710200000| Untracked |  0
|  113|0x0000000710400000, 0x0000000710400000, 0x0000000710600000|  0%| F|  |TAMS 0x0000000710400000| PB 0x0000000710400000| Untracked |  0
|  114|0x0000000710600000, 0x0000000710600000, 0x0000000710800000|  0%| F|  |TAMS 0x0000000710600000| PB 0x0000000710600000| Untracked |  0
|  115|0x0000000710800000, 0x0000000710800000, 0x0000000710a00000|  0%| F|  |TAMS 0x0000000710800000| PB 0x0000000710800000| Untracked |  0
|  116|0x0000000710a00000, 0x0000000710a00000, 0x0000000710c00000|  0%| F|  |TAMS 0x0000000710a00000| PB 0x0000000710a00000| Untracked |  0
|  117|0x0000000710c00000, 0x0000000710c00000, 0x0000000710e00000|  0%| F|  |TAMS 0x0000000710c00000| PB 0x0000000710c00000| Untracked |  0
|  118|0x0000000710e00000, 0x0000000710e00000, 0x0000000711000000|  0%| F|  |TAMS 0x0000000710e00000| PB 0x0000000710e00000| Untracked |  0
|  119|0x0000000711000000, 0x0000000711000000, 0x0000000711200000|  0%| F|  |TAMS 0x0000000711000000| PB 0x0000000711000000| Untracked |  0
|  120|0x0000000711200000, 0x0000000711200000, 0x0000000711400000|  0%| F|  |TAMS 0x0000000711200000| PB 0x0000000711200000| Untracked |  0
|  121|0x0000000711400000, 0x0000000711400000, 0x0000000711600000|  0%| F|  |TAMS 0x0000000711400000| PB 0x0000000711400000| Untracked |  0
|  122|0x0000000711600000, 0x0000000711600000, 0x0000000711800000|  0%| F|  |TAMS 0x0000000711600000| PB 0x0000000711600000| Untracked |  0
|  123|0x0000000711800000, 0x0000000711800000, 0x0000000711a00000|  0%| F|  |TAMS 0x0000000711800000| PB 0x0000000711800000| Untracked |  0
|  124|0x0000000711a00000, 0x0000000711a00000, 0x0000000711c00000|  0%| F|  |TAMS 0x0000000711a00000| PB 0x0000000711a00000| Untracked |  0
|  125|0x0000000711c00000, 0x0000000711c00000, 0x0000000711e00000|  0%| F|  |TAMS 0x0000000711c00000| PB 0x0000000711c00000| Untracked |  0
|  126|0x0000000711e00000, 0x0000000711e00000, 0x0000000712000000|  0%| F|  |TAMS 0x0000000711e00000| PB 0x0000000711e00000| Untracked |  0
|  127|0x0000000712000000, 0x0000000712000000, 0x0000000712200000|  0%| F|  |TAMS 0x0000000712000000| PB 0x0000000712000000| Untracked |  0
|  128|0x0000000712200000, 0x0000000712200000, 0x0000000712400000|  0%| F|  |TAMS 0x0000000712200000| PB 0x0000000712200000| Untracked |  0
|  129|0x0000000712400000, 0x0000000712400000, 0x0000000712600000|  0%| F|  |TAMS 0x0000000712400000| PB 0x0000000712400000| Untracked |  0
|  130|0x0000000712600000, 0x0000000712600000, 0x0000000712800000|  0%| F|  |TAMS 0x0000000712600000| PB 0x0000000712600000| Untracked |  0
|  131|0x0000000712800000, 0x0000000712800000, 0x0000000712a00000|  0%| F|  |TAMS 0x0000000712800000| PB 0x0000000712800000| Untracked |  0
|  132|0x0000000712a00000, 0x0000000712a00000, 0x0000000712c00000|  0%| F|  |TAMS 0x0000000712a00000| PB 0x0000000712a00000| Untracked |  0
|  133|0x0000000712c00000, 0x0000000712c00000, 0x0000000712e00000|  0%| F|  |TAMS 0x0000000712c00000| PB 0x0000000712c00000| Untracked |  0
|  134|0x0000000712e00000, 0x0000000712e00000, 0x0000000713000000|  0%| F|  |TAMS 0x0000000712e00000| PB 0x0000000712e00000| Untracked |  0
|  135|0x0000000713000000, 0x0000000713000000, 0x0000000713200000|  0%| F|  |TAMS 0x0000000713000000| PB 0x0000000713000000| Untracked |  0
|  136|0x0000000713200000, 0x0000000713200000, 0x0000000713400000|  0%| F|  |TAMS 0x0000000713200000| PB 0x0000000713200000| Untracked |  0
|  137|0x0000000713400000, 0x0000000713400000, 0x0000000713600000|  0%| F|  |TAMS 0x0000000713400000| PB 0x0000000713400000| Untracked |  0
|  138|0x0000000713600000, 0x0000000713600000, 0x0000000713800000|  0%| F|  |TAMS 0x0000000713600000| PB 0x0000000713600000| Untracked |  0
|  139|0x0000000713800000, 0x0000000713800000, 0x0000000713a00000|  0%| F|  |TAMS 0x0000000713800000| PB 0x0000000713800000| Untracked |  0
|  140|0x0000000713a00000, 0x0000000713a00000, 0x0000000713c00000|  0%| F|  |TAMS 0x0000000713a00000| PB 0x0000000713a00000| Untracked |  0
|  141|0x0000000713c00000, 0x0000000713c00000, 0x0000000713e00000|  0%| F|  |TAMS 0x0000000713c00000| PB 0x0000000713c00000| Untracked |  0
|  142|0x0000000713e00000, 0x0000000713e00000, 0x0000000714000000|  0%| F|  |TAMS 0x0000000713e00000| PB 0x0000000713e00000| Untracked |  0
|  143|0x0000000714000000, 0x0000000714000000, 0x0000000714200000|  0%| F|  |TAMS 0x0000000714000000| PB 0x0000000714000000| Untracked |  0
|  144|0x0000000714200000, 0x0000000714200000, 0x0000000714400000|  0%| F|  |TAMS 0x0000000714200000| PB 0x0000000714200000| Untracked |  0
|  145|0x0000000714400000, 0x0000000714400000, 0x0000000714600000|  0%| F|  |TAMS 0x0000000714400000| PB 0x0000000714400000| Untracked |  0
|  146|0x0000000714600000, 0x0000000714600000, 0x0000000714800000|  0%| F|  |TAMS 0x0000000714600000| PB 0x0000000714600000| Untracked |  0
|  147|0x0000000714800000, 0x0000000714800000, 0x0000000714a00000|  0%| F|  |TAMS 0x0000000714800000| PB 0x0000000714800000| Untracked |  0
|  148|0x0000000714a00000, 0x0000000714a00000, 0x0000000714c00000|  0%| F|  |TAMS 0x0000000714a00000| PB 0x0000000714a00000| Untracked |  0
|  149|0x0000000714c00000, 0x0000000714c00000, 0x0000000714e00000|  0%| F|  |TAMS 0x0000000714c00000| PB 0x0000000714c00000| Untracked |  0
|  150|0x0000000714e00000, 0x0000000714e00000, 0x0000000715000000|  0%| F|  |TAMS 0x0000000714e00000| PB 0x0000000714e00000| Untracked |  0
|  151|0x0000000715000000, 0x0000000715000000, 0x0000000715200000|  0%| F|  |TAMS 0x0000000715000000| PB 0x0000000715000000| Untracked |  0
|  152|0x0000000715200000, 0x0000000715200000, 0x0000000715400000|  0%| F|  |TAMS 0x0000000715200000| PB 0x0000000715200000| Untracked |  0
|  153|0x0000000715400000, 0x0000000715400000, 0x0000000715600000|  0%| F|  |TAMS 0x0000000715400000| PB 0x0000000715400000| Untracked |  0
|  154|0x0000000715600000, 0x0000000715600000, 0x0000000715800000|  0%| F|  |TAMS 0x0000000715600000| PB 0x0000000715600000| Untracked |  0
|  155|0x0000000715800000, 0x0000000715800000, 0x0000000715a00000|  0%| F|  |TAMS 0x0000000715800000| PB 0x0000000715800000| Untracked |  0
|  156|0x0000000715a00000, 0x0000000715a00000, 0x0000000715c00000|  0%| F|  |TAMS 0x0000000715a00000| PB 0x0000000715a00000| Untracked |  0
|  157|0x0000000715c00000, 0x0000000715c00000, 0x0000000715e00000|  0%| F|  |TAMS 0x0000000715c00000| PB 0x0000000715c00000| Untracked |  0
|  158|0x0000000715e00000, 0x0000000715e00000, 0x0000000716000000|  0%| F|  |TAMS 0x0000000715e00000| PB 0x0000000715e00000| Untracked |  0
|  159|0x0000000716000000, 0x0000000716000000, 0x0000000716200000|  0%| F|  |TAMS 0x0000000716000000| PB 0x0000000716000000| Untracked |  0
|  160|0x0000000716200000, 0x0000000716200000, 0x0000000716400000|  0%| F|  |TAMS 0x0000000716200000| PB 0x0000000716200000| Untracked |  0
|  161|0x0000000716400000, 0x0000000716400000, 0x0000000716600000|  0%| F|  |TAMS 0x0000000716400000| PB 0x0000000716400000| Untracked |  0
|  162|0x0000000716600000, 0x0000000716600000, 0x0000000716800000|  0%| F|  |TAMS 0x0000000716600000| PB 0x0000000716600000| Untracked |  0
|  163|0x0000000716800000, 0x0000000716800000, 0x0000000716a00000|  0%| F|  |TAMS 0x0000000716800000| PB 0x0000000716800000| Untracked |  0
|  164|0x0000000716a00000, 0x0000000716a00000, 0x0000000716c00000|  0%| F|  |TAMS 0x0000000716a00000| PB 0x0000000716a00000| Untracked |  0
|  165|0x0000000716c00000, 0x0000000716c00000, 0x0000000716e00000|  0%| F|  |TAMS 0x0000000716c00000| PB 0x0000000716c00000| Untracked |  0
|  166|0x0000000716e00000, 0x0000000716e00000, 0x0000000717000000|  0%| F|  |TAMS 0x0000000716e00000| PB 0x0000000716e00000| Untracked |  0
|  167|0x0000000717000000, 0x0000000717000000, 0x0000000717200000|  0%| F|  |TAMS 0x0000000717000000| PB 0x0000000717000000| Untracked |  0
|  168|0x0000000717200000, 0x0000000717200000, 0x0000000717400000|  0%| F|  |TAMS 0x0000000717200000| PB 0x0000000717200000| Untracked |  0
|  169|0x0000000717400000, 0x0000000717400000, 0x0000000717600000|  0%| F|  |TAMS 0x0000000717400000| PB 0x0000000717400000| Untracked |  0
|  170|0x0000000717600000, 0x0000000717600000, 0x0000000717800000|  0%| F|  |TAMS 0x0000000717600000| PB 0x0000000717600000| Untracked |  0
|  171|0x0000000717800000, 0x0000000717800000, 0x0000000717a00000|  0%| F|  |TAMS 0x0000000717800000| PB 0x0000000717800000| Untracked |  0
|  172|0x0000000717a00000, 0x0000000717a00000, 0x0000000717c00000|  0%| F|  |TAMS 0x0000000717a00000| PB 0x0000000717a00000| Untracked |  0
|  173|0x0000000717c00000, 0x0000000717c00000, 0x0000000717e00000|  0%| F|  |TAMS 0x0000000717c00000| PB 0x0000000717c00000| Untracked |  0
|  174|0x0000000717e00000, 0x0000000717e00000, 0x0000000718000000|  0%| F|  |TAMS 0x0000000717e00000| PB 0x0000000717e00000| Untracked |  0
|  175|0x0000000718000000, 0x0000000718000000, 0x0000000718200000|  0%| F|  |TAMS 0x0000000718000000| PB 0x0000000718000000| Untracked |  0
|  176|0x0000000718200000, 0x0000000718200000, 0x0000000718400000|  0%| F|  |TAMS 0x0000000718200000| PB 0x0000000718200000| Untracked |  0
|  177|0x0000000718400000, 0x0000000718400000, 0x0000000718600000|  0%| F|  |TAMS 0x0000000718400000| PB 0x0000000718400000| Untracked |  0
|  178|0x0000000718600000, 0x0000000718600000, 0x0000000718800000|  0%| F|  |TAMS 0x0000000718600000| PB 0x0000000718600000| Untracked |  0
|  179|0x0000000718800000, 0x0000000718800000, 0x0000000718a00000|  0%| F|  |TAMS 0x0000000718800000| PB 0x0000000718800000| Untracked |  0
|  180|0x0000000718a00000, 0x0000000718a00000, 0x0000000718c00000|  0%| F|  |TAMS 0x0000000718a00000| PB 0x0000000718a00000| Untracked |  0
|  181|0x0000000718c00000, 0x0000000718c00000, 0x0000000718e00000|  0%| F|  |TAMS 0x0000000718c00000| PB 0x0000000718c00000| Untracked |  0
|  182|0x0000000718e00000, 0x0000000718e00000, 0x0000000719000000|  0%| F|  |TAMS 0x0000000718e00000| PB 0x0000000718e00000| Untracked |  0
|  183|0x0000000719000000, 0x0000000719000000, 0x0000000719200000|  0%| F|  |TAMS 0x0000000719000000| PB 0x0000000719000000| Untracked |  0
|  184|0x0000000719200000, 0x0000000719200000, 0x0000000719400000|  0%| F|  |TAMS 0x0000000719200000| PB 0x0000000719200000| Untracked |  0
|  185|0x0000000719400000, 0x0000000719400000, 0x0000000719600000|  0%| F|  |TAMS 0x0000000719400000| PB 0x0000000719400000| Untracked |  0
|  186|0x0000000719600000, 0x0000000719600000, 0x0000000719800000|  0%| F|  |TAMS 0x0000000719600000| PB 0x0000000719600000| Untracked |  0
|  187|0x0000000719800000, 0x0000000719800000, 0x0000000719a00000|  0%| F|  |TAMS 0x0000000719800000| PB 0x0000000719800000| Untracked |  0
|  188|0x0000000719a00000, 0x0000000719a00000, 0x0000000719c00000|  0%| F|  |TAMS 0x0000000719a00000| PB 0x0000000719a00000| Untracked |  0
|  189|0x0000000719c00000, 0x0000000719c00000, 0x0000000719e00000|  0%| F|  |TAMS 0x0000000719c00000| PB 0x0000000719c00000| Untracked |  0
|  190|0x0000000719e00000, 0x0000000719e00000, 0x000000071a000000|  0%| F|  |TAMS 0x0000000719e00000| PB 0x0000000719e00000| Untracked |  0
|  191|0x000000071a000000, 0x000000071a000000, 0x000000071a200000|  0%| F|  |TAMS 0x000000071a000000| PB 0x000000071a000000| Untracked |  0
|  192|0x000000071a200000, 0x000000071a200000, 0x000000071a400000|  0%| F|  |TAMS 0x000000071a200000| PB 0x000000071a200000| Untracked |  0
|  193|0x000000071a400000, 0x000000071a400000, 0x000000071a600000|  0%| F|  |TAMS 0x000000071a400000| PB 0x000000071a400000| Untracked |  0
|  194|0x000000071a600000, 0x000000071a600000, 0x000000071a800000|  0%| F|  |TAMS 0x000000071a600000| PB 0x000000071a600000| Untracked |  0
|  195|0x000000071a800000, 0x000000071a800000, 0x000000071aa00000|  0%| F|  |TAMS 0x000000071a800000| PB 0x000000071a800000| Untracked |  0
|  196|0x000000071aa00000, 0x000000071aa00000, 0x000000071ac00000|  0%| F|  |TAMS 0x000000071aa00000| PB 0x000000071aa00000| Untracked |  0
|  197|0x000000071ac00000, 0x000000071ac00000, 0x000000071ae00000|  0%| F|  |TAMS 0x000000071ac00000| PB 0x000000071ac00000| Untracked |  0
|  198|0x000000071ae00000, 0x000000071ae00000, 0x000000071b000000|  0%| F|  |TAMS 0x000000071ae00000| PB 0x000000071ae00000| Untracked |  0
|  199|0x000000071b000000, 0x000000071b000000, 0x000000071b200000|  0%| F|  |TAMS 0x000000071b000000| PB 0x000000071b000000| Untracked |  0
|  200|0x000000071b200000, 0x000000071b200000, 0x000000071b400000|  0%| F|  |TAMS 0x000000071b200000| PB 0x000000071b200000| Untracked |  0
|  201|0x000000071b400000, 0x000000071b400000, 0x000000071b600000|  0%| F|  |TAMS 0x000000071b400000| PB 0x000000071b400000| Untracked |  0
|  202|0x000000071b600000, 0x000000071b600000, 0x000000071b800000|  0%| F|  |TAMS 0x000000071b600000| PB 0x000000071b600000| Untracked |  0
|  203|0x000000071b800000, 0x000000071b800000, 0x000000071ba00000|  0%| F|  |TAMS 0x000000071b800000| PB 0x000000071b800000| Untracked |  0
|  204|0x000000071ba00000, 0x000000071ba00000, 0x000000071bc00000|  0%| F|  |TAMS 0x000000071ba00000| PB 0x000000071ba00000| Untracked |  0
|  205|0x000000071bc00000, 0x000000071bc00000, 0x000000071be00000|  0%| F|  |TAMS 0x000000071bc00000| PB 0x000000071bc00000| Untracked |  0
|  206|0x000000071be00000, 0x000000071be00000, 0x000000071c000000|  0%| F|  |TAMS 0x000000071be00000| PB 0x000000071be00000| Untracked |  0
|  207|0x000000071c000000, 0x000000071c000000, 0x000000071c200000|  0%| F|  |TAMS 0x000000071c000000| PB 0x000000071c000000| Untracked |  0
|  208|0x000000071c200000, 0x000000071c200000, 0x000000071c400000|  0%| F|  |TAMS 0x000000071c200000| PB 0x000000071c200000| Untracked |  0
|  209|0x000000071c400000, 0x000000071c400000, 0x000000071c600000|  0%| F|  |TAMS 0x000000071c400000| PB 0x000000071c400000| Untracked |  0
|  210|0x000000071c600000, 0x000000071c600000, 0x000000071c800000|  0%| F|  |TAMS 0x000000071c600000| PB 0x000000071c600000| Untracked |  0
|  211|0x000000071c800000, 0x000000071c800000, 0x000000071ca00000|  0%| F|  |TAMS 0x000000071c800000| PB 0x000000071c800000| Untracked |  0
|  212|0x000000071ca00000, 0x000000071ca00000, 0x000000071cc00000|  0%| F|  |TAMS 0x000000071ca00000| PB 0x000000071ca00000| Untracked |  0
|  213|0x000000071cc00000, 0x000000071cc00000, 0x000000071ce00000|  0%| F|  |TAMS 0x000000071cc00000| PB 0x000000071cc00000| Untracked |  0
|  214|0x000000071ce00000, 0x000000071ce00000, 0x000000071d000000|  0%| F|  |TAMS 0x000000071ce00000| PB 0x000000071ce00000| Untracked |  0
|  215|0x000000071d000000, 0x000000071d000000, 0x000000071d200000|  0%| F|  |TAMS 0x000000071d000000| PB 0x000000071d000000| Untracked |  0
|  216|0x000000071d200000, 0x000000071d200000, 0x000000071d400000|  0%| F|  |TAMS 0x000000071d200000| PB 0x000000071d200000| Untracked |  0
|  217|0x000000071d400000, 0x000000071d400000, 0x000000071d600000|  0%| F|  |TAMS 0x000000071d400000| PB 0x000000071d400000| Untracked |  0
|  218|0x000000071d600000, 0x000000071d600000, 0x000000071d800000|  0%| F|  |TAMS 0x000000071d600000| PB 0x000000071d600000| Untracked |  0
|  219|0x000000071d800000, 0x000000071d800000, 0x000000071da00000|  0%| F|  |TAMS 0x000000071d800000| PB 0x000000071d800000| Untracked |  0
|  220|0x000000071da00000, 0x000000071da00000, 0x000000071dc00000|  0%| F|  |TAMS 0x000000071da00000| PB 0x000000071da00000| Untracked |  0
|  221|0x000000071dc00000, 0x000000071dc00000, 0x000000071de00000|  0%| F|  |TAMS 0x000000071dc00000| PB 0x000000071dc00000| Untracked |  0
|  222|0x000000071de00000, 0x000000071de00000, 0x000000071e000000|  0%| F|  |TAMS 0x000000071de00000| PB 0x000000071de00000| Untracked |  0
|  223|0x000000071e000000, 0x000000071e000000, 0x000000071e200000|  0%| F|  |TAMS 0x000000071e000000| PB 0x000000071e000000| Untracked |  0
|  224|0x000000071e200000, 0x000000071e200000, 0x000000071e400000|  0%| F|  |TAMS 0x000000071e200000| PB 0x000000071e200000| Untracked |  0
|  225|0x000000071e400000, 0x000000071e400000, 0x000000071e600000|  0%| F|  |TAMS 0x000000071e400000| PB 0x000000071e400000| Untracked |  0
|  226|0x000000071e600000, 0x000000071e600000, 0x000000071e800000|  0%| F|  |TAMS 0x000000071e600000| PB 0x000000071e600000| Untracked |  0
|  227|0x000000071e800000, 0x000000071e800000, 0x000000071ea00000|  0%| F|  |TAMS 0x000000071e800000| PB 0x000000071e800000| Untracked |  0
|  228|0x000000071ea00000, 0x000000071ea00000, 0x000000071ec00000|  0%| F|  |TAMS 0x000000071ea00000| PB 0x000000071ea00000| Untracked |  0
|  229|0x000000071ec00000, 0x000000071ec00000, 0x000000071ee00000|  0%| F|  |TAMS 0x000000071ec00000| PB 0x000000071ec00000| Untracked |  0
|  230|0x000000071ee00000, 0x000000071ee00000, 0x000000071f000000|  0%| F|  |TAMS 0x000000071ee00000| PB 0x000000071ee00000| Untracked |  0
|  231|0x000000071f000000, 0x000000071f000000, 0x000000071f200000|  0%| F|  |TAMS 0x000000071f000000| PB 0x000000071f000000| Untracked |  0
|  232|0x000000071f200000, 0x000000071f200000, 0x000000071f400000|  0%| F|  |TAMS 0x000000071f200000| PB 0x000000071f200000| Untracked |  0
|  233|0x000000071f400000, 0x000000071f400000, 0x000000071f600000|  0%| F|  |TAMS 0x000000071f400000| PB 0x000000071f400000| Untracked |  0
|  234|0x000000071f600000, 0x000000071f600000, 0x000000071f800000|  0%| F|  |TAMS 0x000000071f600000| PB 0x000000071f600000| Untracked |  0
|  235|0x000000071f800000, 0x000000071f800000, 0x000000071fa00000|  0%| F|  |TAMS 0x000000071f800000| PB 0x000000071f800000| Untracked |  0
|  236|0x000000071fa00000, 0x000000071fa00000, 0x000000071fc00000|  0%| F|  |TAMS 0x000000071fa00000| PB 0x000000071fa00000| Untracked |  0
|  237|0x000000071fc00000, 0x000000071fc00000, 0x000000071fe00000|  0%| F|  |TAMS 0x000000071fc00000| PB 0x000000071fc00000| Untracked |  0
|  238|0x000000071fe00000, 0x000000071fe00000, 0x0000000720000000|  0%| F|  |TAMS 0x000000071fe00000| PB 0x000000071fe00000| Untracked |  0
|  239|0x0000000720000000, 0x0000000720000000, 0x0000000720200000|  0%| F|  |TAMS 0x0000000720000000| PB 0x0000000720000000| Untracked |  0
|  240|0x0000000720200000, 0x0000000720200000, 0x0000000720400000|  0%| F|  |TAMS 0x0000000720200000| PB 0x0000000720200000| Untracked |  0
|  241|0x0000000720400000, 0x0000000720400000, 0x0000000720600000|  0%| F|  |TAMS 0x0000000720400000| PB 0x0000000720400000| Untracked |  0
|  242|0x0000000720600000, 0x0000000720600000, 0x0000000720800000|  0%| F|  |TAMS 0x0000000720600000| PB 0x0000000720600000| Untracked |  0
|  243|0x0000000720800000, 0x0000000720800000, 0x0000000720a00000|  0%| F|  |TAMS 0x0000000720800000| PB 0x0000000720800000| Untracked |  0
|  244|0x0000000720a00000, 0x0000000720a00000, 0x0000000720c00000|  0%| F|  |TAMS 0x0000000720a00000| PB 0x0000000720a00000| Untracked |  0
|  245|0x0000000720c00000, 0x0000000720c00000, 0x0000000720e00000|  0%| F|  |TAMS 0x0000000720c00000| PB 0x0000000720c00000| Untracked |  0
|  246|0x0000000720e00000, 0x0000000720e00000, 0x0000000721000000|  0%| F|  |TAMS 0x0000000720e00000| PB 0x0000000720e00000| Untracked |  0
|  247|0x0000000721000000, 0x0000000721000000, 0x0000000721200000|  0%| F|  |TAMS 0x0000000721000000| PB 0x0000000721000000| Untracked |  0
|  248|0x0000000721200000, 0x0000000721200000, 0x0000000721400000|  0%| F|  |TAMS 0x0000000721200000| PB 0x0000000721200000| Untracked |  0
|  249|0x0000000721400000, 0x0000000721400000, 0x0000000721600000|  0%| F|  |TAMS 0x0000000721400000| PB 0x0000000721400000| Untracked |  0
|  250|0x0000000721600000, 0x0000000721600000, 0x0000000721800000|  0%| F|  |TAMS 0x0000000721600000| PB 0x0000000721600000| Untracked |  0
|  251|0x0000000721800000, 0x0000000721800000, 0x0000000721a00000|  0%| F|  |TAMS 0x0000000721800000| PB 0x0000000721800000| Untracked |  0
|  252|0x0000000721a00000, 0x0000000721a00000, 0x0000000721c00000|  0%| F|  |TAMS 0x0000000721a00000| PB 0x0000000721a00000| Untracked |  0
|  253|0x0000000721c00000, 0x0000000721c00000, 0x0000000721e00000|  0%| F|  |TAMS 0x0000000721c00000| PB 0x0000000721c00000| Untracked |  0
|  254|0x0000000721e00000, 0x0000000721e00000, 0x0000000722000000|  0%| F|  |TAMS 0x0000000721e00000| PB 0x0000000721e00000| Untracked |  0
|  255|0x0000000722000000, 0x0000000722000000, 0x0000000722200000|  0%| F|  |TAMS 0x0000000722000000| PB 0x0000000722000000| Untracked |  0
|  256|0x0000000722200000, 0x0000000722200000, 0x0000000722400000|  0%| F|  |TAMS 0x0000000722200000| PB 0x0000000722200000| Untracked |  0
|  257|0x0000000722400000, 0x0000000722400000, 0x0000000722600000|  0%| F|  |TAMS 0x0000000722400000| PB 0x0000000722400000| Untracked |  0
|  258|0x0000000722600000, 0x0000000722600000, 0x0000000722800000|  0%| F|  |TAMS 0x0000000722600000| PB 0x0000000722600000| Untracked |  0
|  259|0x0000000722800000, 0x0000000722800000, 0x0000000722a00000|  0%| F|  |TAMS 0x0000000722800000| PB 0x0000000722800000| Untracked |  0
|  260|0x0000000722a00000, 0x0000000722a00000, 0x0000000722c00000|  0%| F|  |TAMS 0x0000000722a00000| PB 0x0000000722a00000| Untracked |  0
|  261|0x0000000722c00000, 0x0000000722c00000, 0x0000000722e00000|  0%| F|  |TAMS 0x0000000722c00000| PB 0x0000000722c00000| Untracked |  0
|  262|0x0000000722e00000, 0x0000000722e00000, 0x0000000723000000|  0%| F|  |TAMS 0x0000000722e00000| PB 0x0000000722e00000| Untracked |  0
|  263|0x0000000723000000, 0x0000000723000000, 0x0000000723200000|  0%| F|  |TAMS 0x0000000723000000| PB 0x0000000723000000| Untracked |  0
|  264|0x0000000723200000, 0x0000000723200000, 0x0000000723400000|  0%| F|  |TAMS 0x0000000723200000| PB 0x0000000723200000| Untracked |  0
|  265|0x0000000723400000, 0x0000000723400000, 0x0000000723600000|  0%| F|  |TAMS 0x0000000723400000| PB 0x0000000723400000| Untracked |  0
|  266|0x0000000723600000, 0x0000000723600000, 0x0000000723800000|  0%| F|  |TAMS 0x0000000723600000| PB 0x0000000723600000| Untracked |  0
|  267|0x0000000723800000, 0x0000000723800000, 0x0000000723a00000|  0%| F|  |TAMS 0x0000000723800000| PB 0x0000000723800000| Untracked |  0
|  268|0x0000000723a00000, 0x0000000723a00000, 0x0000000723c00000|  0%| F|  |TAMS 0x0000000723a00000| PB 0x0000000723a00000| Untracked |  0
|  269|0x0000000723c00000, 0x0000000723c00000, 0x0000000723e00000|  0%| F|  |TAMS 0x0000000723c00000| PB 0x0000000723c00000| Untracked |  0
|  270|0x0000000723e00000, 0x0000000723e00000, 0x0000000724000000|  0%| F|  |TAMS 0x0000000723e00000| PB 0x0000000723e00000| Untracked |  0
|  271|0x0000000724000000, 0x0000000724000000, 0x0000000724200000|  0%| F|  |TAMS 0x0000000724000000| PB 0x0000000724000000| Untracked |  0
|  272|0x0000000724200000, 0x0000000724200000, 0x0000000724400000|  0%| F|  |TAMS 0x0000000724200000| PB 0x0000000724200000| Untracked |  0
|  273|0x0000000724400000, 0x0000000724400000, 0x0000000724600000|  0%| F|  |TAMS 0x0000000724400000| PB 0x0000000724400000| Untracked |  0
|  274|0x0000000724600000, 0x0000000724600000, 0x0000000724800000|  0%| F|  |TAMS 0x0000000724600000| PB 0x0000000724600000| Untracked |  0
|  275|0x0000000724800000, 0x0000000724800000, 0x0000000724a00000|  0%| F|  |TAMS 0x0000000724800000| PB 0x0000000724800000| Untracked |  0
|  276|0x0000000724a00000, 0x0000000724a00000, 0x0000000724c00000|  0%| F|  |TAMS 0x0000000724a00000| PB 0x0000000724a00000| Untracked |  0
|  277|0x0000000724c00000, 0x0000000724c00000, 0x0000000724e00000|  0%| F|  |TAMS 0x0000000724c00000| PB 0x0000000724c00000| Untracked |  0
|  278|0x0000000724e00000, 0x0000000724e00000, 0x0000000725000000|  0%| F|  |TAMS 0x0000000724e00000| PB 0x0000000724e00000| Untracked |  0
|  279|0x0000000725000000, 0x0000000725000000, 0x0000000725200000|  0%| F|  |TAMS 0x0000000725000000| PB 0x0000000725000000| Untracked |  0
|  280|0x0000000725200000, 0x0000000725200000, 0x0000000725400000|  0%| F|  |TAMS 0x0000000725200000| PB 0x0000000725200000| Untracked |  0
|  281|0x0000000725400000, 0x0000000725400000, 0x0000000725600000|  0%| F|  |TAMS 0x0000000725400000| PB 0x0000000725400000| Untracked |  0
|  282|0x0000000725600000, 0x0000000725600000, 0x0000000725800000|  0%| F|  |TAMS 0x0000000725600000| PB 0x0000000725600000| Untracked |  0
|  283|0x0000000725800000, 0x0000000725800000, 0x0000000725a00000|  0%| F|  |TAMS 0x0000000725800000| PB 0x0000000725800000| Untracked |  0
|  284|0x0000000725a00000, 0x0000000725a00000, 0x0000000725c00000|  0%| F|  |TAMS 0x0000000725a00000| PB 0x0000000725a00000| Untracked |  0
|  285|0x0000000725c00000, 0x0000000725c00000, 0x0000000725e00000|  0%| F|  |TAMS 0x0000000725c00000| PB 0x0000000725c00000| Untracked |  0
|  286|0x0000000725e00000, 0x0000000725e00000, 0x0000000726000000|  0%| F|  |TAMS 0x0000000725e00000| PB 0x0000000725e00000| Untracked |  0
|  287|0x0000000726000000, 0x0000000726000000, 0x0000000726200000|  0%| F|  |TAMS 0x0000000726000000| PB 0x0000000726000000| Untracked |  0
|  288|0x0000000726200000, 0x0000000726200000, 0x0000000726400000|  0%| F|  |TAMS 0x0000000726200000| PB 0x0000000726200000| Untracked |  0
|  289|0x0000000726400000, 0x0000000726400000, 0x0000000726600000|  0%| F|  |TAMS 0x0000000726400000| PB 0x0000000726400000| Untracked |  0
|  290|0x0000000726600000, 0x0000000726600000, 0x0000000726800000|  0%| F|  |TAMS 0x0000000726600000| PB 0x0000000726600000| Untracked |  0
|  291|0x0000000726800000, 0x0000000726800000, 0x0000000726a00000|  0%| F|  |TAMS 0x0000000726800000| PB 0x0000000726800000| Untracked |  0
|  292|0x0000000726a00000, 0x0000000726bc53a0, 0x0000000726c00000| 88%| S|CS|TAMS 0x0000000726a00000| PB 0x0000000726a00000| Complete  |  0
|  293|0x0000000726c00000, 0x0000000726e00000, 0x0000000726e00000|100%| S|CS|TAMS 0x0000000726c00000| PB 0x0000000726c00000| Complete  |  0
|  294|0x0000000726e00000, 0x0000000727000000, 0x0000000727000000|100%| S|CS|TAMS 0x0000000726e00000| PB 0x0000000726e00000| Complete  |  0
|  295|0x0000000727000000, 0x0000000727200000, 0x0000000727200000|100%| S|CS|TAMS 0x0000000727000000| PB 0x0000000727000000| Complete  |  0
|  296|0x0000000727200000, 0x0000000727400000, 0x0000000727400000|100%| S|CS|TAMS 0x0000000727200000| PB 0x0000000727200000| Complete  |  0
|  297|0x0000000727400000, 0x0000000727600000, 0x0000000727600000|100%| S|CS|TAMS 0x0000000727400000| PB 0x0000000727400000| Complete  |  0
|  298|0x0000000727600000, 0x0000000727800000, 0x0000000727800000|100%| S|CS|TAMS 0x0000000727600000| PB 0x0000000727600000| Complete  |  0
|  299|0x0000000727800000, 0x0000000727a00000, 0x0000000727a00000|100%| S|CS|TAMS 0x0000000727800000| PB 0x0000000727800000| Complete  |  0
|  300|0x0000000727a00000, 0x0000000727c00000, 0x0000000727c00000|100%| S|CS|TAMS 0x0000000727a00000| PB 0x0000000727a00000| Complete  |  0
|  301|0x0000000727c00000, 0x0000000727e00000, 0x0000000727e00000|100%| S|CS|TAMS 0x0000000727c00000| PB 0x0000000727c00000| Complete  |  0
|  302|0x0000000727e00000, 0x0000000728000000, 0x0000000728000000|100%| S|CS|TAMS 0x0000000727e00000| PB 0x0000000727e00000| Complete  |  0
|  303|0x0000000728000000, 0x0000000728200000, 0x0000000728200000|100%| S|CS|TAMS 0x0000000728000000| PB 0x0000000728000000| Complete  |  0
|  304|0x0000000728200000, 0x0000000728400000, 0x0000000728400000|100%| S|CS|TAMS 0x0000000728200000| PB 0x0000000728200000| Complete  |  0
|  305|0x0000000728400000, 0x0000000728600000, 0x0000000728600000|100%| S|CS|TAMS 0x0000000728400000| PB 0x0000000728400000| Complete  |  0
|  306|0x0000000728600000, 0x0000000728600000, 0x0000000728800000|  0%| F|  |TAMS 0x0000000728600000| PB 0x0000000728600000| Untracked |  0
|  307|0x0000000728800000, 0x0000000728800000, 0x0000000728a00000|  0%| F|  |TAMS 0x0000000728800000| PB 0x0000000728800000| Untracked |  0
|  308|0x0000000728a00000, 0x0000000728a00000, 0x0000000728c00000|  0%| F|  |TAMS 0x0000000728a00000| PB 0x0000000728a00000| Untracked |  0
|  309|0x0000000728c00000, 0x0000000728c00000, 0x0000000728e00000|  0%| F|  |TAMS 0x0000000728c00000| PB 0x0000000728c00000| Untracked |  0
|  310|0x0000000728e00000, 0x0000000728e00000, 0x0000000729000000|  0%| F|  |TAMS 0x0000000728e00000| PB 0x0000000728e00000| Untracked |  0
|  311|0x0000000729000000, 0x0000000729000000, 0x0000000729200000|  0%| F|  |TAMS 0x0000000729000000| PB 0x0000000729000000| Untracked |  0
|  312|0x0000000729200000, 0x0000000729200000, 0x0000000729400000|  0%| F|  |TAMS 0x0000000729200000| PB 0x0000000729200000| Untracked |  0
|  313|0x0000000729400000, 0x0000000729400000, 0x0000000729600000|  0%| F|  |TAMS 0x0000000729400000| PB 0x0000000729400000| Untracked |  0
|  314|0x0000000729600000, 0x0000000729600000, 0x0000000729800000|  0%| F|  |TAMS 0x0000000729600000| PB 0x0000000729600000| Untracked |  0
|  315|0x0000000729800000, 0x0000000729800000, 0x0000000729a00000|  0%| F|  |TAMS 0x0000000729800000| PB 0x0000000729800000| Untracked |  0
|  316|0x0000000729a00000, 0x0000000729a00000, 0x0000000729c00000|  0%| F|  |TAMS 0x0000000729a00000| PB 0x0000000729a00000| Untracked |  0
|  317|0x0000000729c00000, 0x0000000729c00000, 0x0000000729e00000|  0%| F|  |TAMS 0x0000000729c00000| PB 0x0000000729c00000| Untracked |  0
|  318|0x0000000729e00000, 0x0000000729e00000, 0x000000072a000000|  0%| F|  |TAMS 0x0000000729e00000| PB 0x0000000729e00000| Untracked |  0
|  319|0x000000072a000000, 0x000000072a000000, 0x000000072a200000|  0%| F|  |TAMS 0x000000072a000000| PB 0x000000072a000000| Untracked |  0
|  320|0x000000072a200000, 0x000000072a200000, 0x000000072a400000|  0%| F|  |TAMS 0x000000072a200000| PB 0x000000072a200000| Untracked |  0
|  321|0x000000072a400000, 0x000000072a400000, 0x000000072a600000|  0%| F|  |TAMS 0x000000072a400000| PB 0x000000072a400000| Untracked |  0
|  322|0x000000072a600000, 0x000000072a600000, 0x000000072a800000|  0%| F|  |TAMS 0x000000072a600000| PB 0x000000072a600000| Untracked |  0
|  323|0x000000072a800000, 0x000000072a800000, 0x000000072aa00000|  0%| F|  |TAMS 0x000000072a800000| PB 0x000000072a800000| Untracked |  0
|  324|0x000000072aa00000, 0x000000072aa00000, 0x000000072ac00000|  0%| F|  |TAMS 0x000000072aa00000| PB 0x000000072aa00000| Untracked |  0
|  325|0x000000072ac00000, 0x000000072ac00000, 0x000000072ae00000|  0%| F|  |TAMS 0x000000072ac00000| PB 0x000000072ac00000| Untracked |  0
|  326|0x000000072ae00000, 0x000000072ae00000, 0x000000072b000000|  0%| F|  |TAMS 0x000000072ae00000| PB 0x000000072ae00000| Untracked |  0
|  327|0x000000072b000000, 0x000000072b200000, 0x000000072b200000|100%| S|CS|TAMS 0x000000072b000000| PB 0x000000072b000000| Complete  |  0
|  328|0x000000072b200000, 0x000000072b400000, 0x000000072b400000|100%| S|CS|TAMS 0x000000072b200000| PB 0x000000072b200000| Complete  |  0
|  329|0x000000072b400000, 0x000000072b600000, 0x000000072b600000|100%| S|CS|TAMS 0x000000072b400000| PB 0x000000072b400000| Complete  |  0
|  330|0x000000072b600000, 0x000000072b800000, 0x000000072b800000|100%| S|CS|TAMS 0x000000072b600000| PB 0x000000072b600000| Complete  |  0
|  331|0x000000072b800000, 0x000000072b800000, 0x000000072ba00000|  0%| F|  |TAMS 0x000000072b800000| PB 0x000000072b800000| Untracked |  0
|  332|0x000000072ba00000, 0x000000072ba00000, 0x000000072bc00000|  0%| F|  |TAMS 0x000000072ba00000| PB 0x000000072ba00000| Untracked |  0
|  333|0x000000072bc00000, 0x000000072bc00000, 0x000000072be00000|  0%| F|  |TAMS 0x000000072bc00000| PB 0x000000072bc00000| Untracked |  0
|  334|0x000000072be00000, 0x000000072be00000, 0x000000072c000000|  0%| F|  |TAMS 0x000000072be00000| PB 0x000000072be00000| Untracked |  0
|  335|0x000000072c000000, 0x000000072c000000, 0x000000072c200000|  0%| F|  |TAMS 0x000000072c000000| PB 0x000000072c000000| Untracked |  0
|  336|0x000000072c200000, 0x000000072c200000, 0x000000072c400000|  0%| F|  |TAMS 0x000000072c200000| PB 0x000000072c200000| Untracked |  0
|  337|0x000000072c400000, 0x000000072c400000, 0x000000072c600000|  0%| F|  |TAMS 0x000000072c400000| PB 0x000000072c400000| Untracked |  0
|  338|0x000000072c600000, 0x000000072c600000, 0x000000072c800000|  0%| F|  |TAMS 0x000000072c600000| PB 0x000000072c600000| Untracked |  0
|  339|0x000000072c800000, 0x000000072c800000, 0x000000072ca00000|  0%| F|  |TAMS 0x000000072c800000| PB 0x000000072c800000| Untracked |  0
|  340|0x000000072ca00000, 0x000000072ca00000, 0x000000072cc00000|  0%| F|  |TAMS 0x000000072ca00000| PB 0x000000072ca00000| Untracked |  0
|  341|0x000000072cc00000, 0x000000072cc00000, 0x000000072ce00000|  0%| F|  |TAMS 0x000000072cc00000| PB 0x000000072cc00000| Untracked |  0
|  342|0x000000072ce00000, 0x000000072ce00000, 0x000000072d000000|  0%| F|  |TAMS 0x000000072ce00000| PB 0x000000072ce00000| Untracked |  0
|  343|0x000000072d000000, 0x000000072d000000, 0x000000072d200000|  0%| F|  |TAMS 0x000000072d000000| PB 0x000000072d000000| Untracked |  0
|  344|0x000000072d200000, 0x000000072d200000, 0x000000072d400000|  0%| F|  |TAMS 0x000000072d200000| PB 0x000000072d200000| Untracked |  0
|  345|0x000000072d400000, 0x000000072d400000, 0x000000072d600000|  0%| F|  |TAMS 0x000000072d400000| PB 0x000000072d400000| Untracked |  0
|  346|0x000000072d600000, 0x000000072d600000, 0x000000072d800000|  0%| F|  |TAMS 0x000000072d600000| PB 0x000000072d600000| Untracked |  0
|  347|0x000000072d800000, 0x000000072d800000, 0x000000072da00000|  0%| F|  |TAMS 0x000000072d800000| PB 0x000000072d800000| Untracked |  0
|  348|0x000000072da00000, 0x000000072da00000, 0x000000072dc00000|  0%| F|  |TAMS 0x000000072da00000| PB 0x000000072da00000| Untracked |  0
|  349|0x000000072dc00000, 0x000000072dc00000, 0x000000072de00000|  0%| F|  |TAMS 0x000000072dc00000| PB 0x000000072dc00000| Untracked |  0
|  350|0x000000072de00000, 0x000000072de00000, 0x000000072e000000|  0%| F|  |TAMS 0x000000072de00000| PB 0x000000072de00000| Untracked |  0
|  351|0x000000072e000000, 0x000000072e000000, 0x000000072e200000|  0%| F|  |TAMS 0x000000072e000000| PB 0x000000072e000000| Untracked |  0
|  352|0x000000072e200000, 0x000000072e200000, 0x000000072e400000|  0%| F|  |TAMS 0x000000072e200000| PB 0x000000072e200000| Untracked |  0
|  353|0x000000072e400000, 0x000000072e400000, 0x000000072e600000|  0%| F|  |TAMS 0x000000072e400000| PB 0x000000072e400000| Untracked |  0
|  354|0x000000072e600000, 0x000000072e600000, 0x000000072e800000|  0%| F|  |TAMS 0x000000072e600000| PB 0x000000072e600000| Untracked |  0
|  355|0x000000072e800000, 0x000000072e800000, 0x000000072ea00000|  0%| F|  |TAMS 0x000000072e800000| PB 0x000000072e800000| Untracked |  0
|  356|0x000000072ea00000, 0x000000072ea00000, 0x000000072ec00000|  0%| F|  |TAMS 0x000000072ea00000| PB 0x000000072ea00000| Untracked |  0
|  357|0x000000072ec00000, 0x000000072ec00000, 0x000000072ee00000|  0%| F|  |TAMS 0x000000072ec00000| PB 0x000000072ec00000| Untracked |  0
|  358|0x000000072ee00000, 0x000000072ee00000, 0x000000072f000000|  0%| F|  |TAMS 0x000000072ee00000| PB 0x000000072ee00000| Untracked |  0
|  359|0x000000072f000000, 0x000000072f000000, 0x000000072f200000|  0%| F|  |TAMS 0x000000072f000000| PB 0x000000072f000000| Untracked |  0
|  360|0x000000072f200000, 0x000000072f200000, 0x000000072f400000|  0%| F|  |TAMS 0x000000072f200000| PB 0x000000072f200000| Untracked |  0
|  361|0x000000072f400000, 0x000000072f400000, 0x000000072f600000|  0%| F|  |TAMS 0x000000072f400000| PB 0x000000072f400000| Untracked |  0
|  362|0x000000072f600000, 0x000000072f600000, 0x000000072f800000|  0%| F|  |TAMS 0x000000072f600000| PB 0x000000072f600000| Untracked |  0
|  363|0x000000072f800000, 0x000000072f800000, 0x000000072fa00000|  0%| F|  |TAMS 0x000000072f800000| PB 0x000000072f800000| Untracked |  0
|  364|0x000000072fa00000, 0x000000072fa00000, 0x000000072fc00000|  0%| F|  |TAMS 0x000000072fa00000| PB 0x000000072fa00000| Untracked |  0
|  365|0x000000072fc00000, 0x000000072fc00000, 0x000000072fe00000|  0%| F|  |TAMS 0x000000072fc00000| PB 0x000000072fc00000| Untracked |  0
|  366|0x000000072fe00000, 0x000000072fe00000, 0x0000000730000000|  0%| F|  |TAMS 0x000000072fe00000| PB 0x000000072fe00000| Untracked |  0
|  367|0x0000000730000000, 0x0000000730000000, 0x0000000730200000|  0%| F|  |TAMS 0x0000000730000000| PB 0x0000000730000000| Untracked |  0
|  368|0x0000000730200000, 0x0000000730200000, 0x0000000730400000|  0%| F|  |TAMS 0x0000000730200000| PB 0x0000000730200000| Untracked |  0
|  369|0x0000000730400000, 0x0000000730400000, 0x0000000730600000|  0%| F|  |TAMS 0x0000000730400000| PB 0x0000000730400000| Untracked |  0
|  370|0x0000000730600000, 0x0000000730600000, 0x0000000730800000|  0%| F|  |TAMS 0x0000000730600000| PB 0x0000000730600000| Untracked |  0
|  371|0x0000000730800000, 0x0000000730800000, 0x0000000730a00000|  0%| F|  |TAMS 0x0000000730800000| PB 0x0000000730800000| Untracked |  0
|  372|0x0000000730a00000, 0x0000000730a00000, 0x0000000730c00000|  0%| F|  |TAMS 0x0000000730a00000| PB 0x0000000730a00000| Untracked |  0
|  373|0x0000000730c00000, 0x0000000730c00000, 0x0000000730e00000|  0%| F|  |TAMS 0x0000000730c00000| PB 0x0000000730c00000| Untracked |  0
|  374|0x0000000730e00000, 0x0000000730e00000, 0x0000000731000000|  0%| F|  |TAMS 0x0000000730e00000| PB 0x0000000730e00000| Untracked |  0
|  375|0x0000000731000000, 0x0000000731000000, 0x0000000731200000|  0%| F|  |TAMS 0x0000000731000000| PB 0x0000000731000000| Untracked |  0
|  376|0x0000000731200000, 0x0000000731200000, 0x0000000731400000|  0%| F|  |TAMS 0x0000000731200000| PB 0x0000000731200000| Untracked |  0
|  377|0x0000000731400000, 0x0000000731400000, 0x0000000731600000|  0%| F|  |TAMS 0x0000000731400000| PB 0x0000000731400000| Untracked |  0
|  378|0x0000000731600000, 0x0000000731600000, 0x0000000731800000|  0%| F|  |TAMS 0x0000000731600000| PB 0x0000000731600000| Untracked |  0
|  379|0x0000000731800000, 0x0000000731800000, 0x0000000731a00000|  0%| F|  |TAMS 0x0000000731800000| PB 0x0000000731800000| Untracked |  0
|  380|0x0000000731a00000, 0x0000000731a00000, 0x0000000731c00000|  0%| F|  |TAMS 0x0000000731a00000| PB 0x0000000731a00000| Untracked |  0
|  381|0x0000000731c00000, 0x0000000731c00000, 0x0000000731e00000|  0%| F|  |TAMS 0x0000000731c00000| PB 0x0000000731c00000| Untracked |  0
|  382|0x0000000731e00000, 0x0000000731e00000, 0x0000000732000000|  0%| F|  |TAMS 0x0000000731e00000| PB 0x0000000731e00000| Untracked |  0
|  383|0x0000000732000000, 0x0000000732000000, 0x0000000732200000|  0%| F|  |TAMS 0x0000000732000000| PB 0x0000000732000000| Untracked |  0
|  384|0x0000000732200000, 0x0000000732200000, 0x0000000732400000|  0%| F|  |TAMS 0x0000000732200000| PB 0x0000000732200000| Untracked |  0
|  385|0x0000000732400000, 0x0000000732400000, 0x0000000732600000|  0%| F|  |TAMS 0x0000000732400000| PB 0x0000000732400000| Untracked |  0
|  386|0x0000000732600000, 0x0000000732600000, 0x0000000732800000|  0%| F|  |TAMS 0x0000000732600000| PB 0x0000000732600000| Untracked |  0
|  387|0x0000000732800000, 0x0000000732800000, 0x0000000732a00000|  0%| F|  |TAMS 0x0000000732800000| PB 0x0000000732800000| Untracked |  0
|  388|0x0000000732a00000, 0x0000000732a00000, 0x0000000732c00000|  0%| F|  |TAMS 0x0000000732a00000| PB 0x0000000732a00000| Untracked |  0
|  389|0x0000000732c00000, 0x0000000732c00000, 0x0000000732e00000|  0%| F|  |TAMS 0x0000000732c00000| PB 0x0000000732c00000| Untracked |  0
|  390|0x0000000732e00000, 0x0000000732e00000, 0x0000000733000000|  0%| F|  |TAMS 0x0000000732e00000| PB 0x0000000732e00000| Untracked |  0
|  391|0x0000000733000000, 0x0000000733000000, 0x0000000733200000|  0%| F|  |TAMS 0x0000000733000000| PB 0x0000000733000000| Untracked |  0
|  392|0x0000000733200000, 0x0000000733200000, 0x0000000733400000|  0%| F|  |TAMS 0x0000000733200000| PB 0x0000000733200000| Untracked |  0
|  393|0x0000000733400000, 0x0000000733400000, 0x0000000733600000|  0%| F|  |TAMS 0x0000000733400000| PB 0x0000000733400000| Untracked |  0
|  394|0x0000000733600000, 0x0000000733600000, 0x0000000733800000|  0%| F|  |TAMS 0x0000000733600000| PB 0x0000000733600000| Untracked |  0
|  395|0x0000000733800000, 0x0000000733800000, 0x0000000733a00000|  0%| F|  |TAMS 0x0000000733800000| PB 0x0000000733800000| Untracked |  0
|  396|0x0000000733a00000, 0x0000000733a00000, 0x0000000733c00000|  0%| F|  |TAMS 0x0000000733a00000| PB 0x0000000733a00000| Untracked |  0
|  397|0x0000000733c00000, 0x0000000733c00000, 0x0000000733e00000|  0%| F|  |TAMS 0x0000000733c00000| PB 0x0000000733c00000| Untracked |  0
|  398|0x0000000733e00000, 0x0000000733e00000, 0x0000000734000000|  0%| F|  |TAMS 0x0000000733e00000| PB 0x0000000733e00000| Untracked |  0
|  399|0x0000000734000000, 0x0000000734000000, 0x0000000734200000|  0%| F|  |TAMS 0x0000000734000000| PB 0x0000000734000000| Untracked |  0
|  400|0x0000000734200000, 0x0000000734200000, 0x0000000734400000|  0%| F|  |TAMS 0x0000000734200000| PB 0x0000000734200000| Untracked |  0
|  401|0x0000000734400000, 0x0000000734400000, 0x0000000734600000|  0%| F|  |TAMS 0x0000000734400000| PB 0x0000000734400000| Untracked |  0
|  402|0x0000000734600000, 0x0000000734600000, 0x0000000734800000|  0%| F|  |TAMS 0x0000000734600000| PB 0x0000000734600000| Untracked |  0
|  403|0x0000000734800000, 0x0000000734800000, 0x0000000734a00000|  0%| F|  |TAMS 0x0000000734800000| PB 0x0000000734800000| Untracked |  0
|  404|0x0000000734a00000, 0x0000000734a00000, 0x0000000734c00000|  0%| F|  |TAMS 0x0000000734a00000| PB 0x0000000734a00000| Untracked |  0
|  405|0x0000000734c00000, 0x0000000734c00000, 0x0000000734e00000|  0%| F|  |TAMS 0x0000000734c00000| PB 0x0000000734c00000| Untracked |  0
|  406|0x0000000734e00000, 0x0000000734e00000, 0x0000000735000000|  0%| F|  |TAMS 0x0000000734e00000| PB 0x0000000734e00000| Untracked |  0
|  407|0x0000000735000000, 0x0000000735000000, 0x0000000735200000|  0%| F|  |TAMS 0x0000000735000000| PB 0x0000000735000000| Untracked |  0
|  408|0x0000000735200000, 0x0000000735200000, 0x0000000735400000|  0%| F|  |TAMS 0x0000000735200000| PB 0x0000000735200000| Untracked |  0
|  409|0x0000000735400000, 0x0000000735400000, 0x0000000735600000|  0%| F|  |TAMS 0x0000000735400000| PB 0x0000000735400000| Untracked |  0
|  410|0x0000000735600000, 0x0000000735600000, 0x0000000735800000|  0%| F|  |TAMS 0x0000000735600000| PB 0x0000000735600000| Untracked |  0
|  411|0x0000000735800000, 0x0000000735800000, 0x0000000735a00000|  0%| F|  |TAMS 0x0000000735800000| PB 0x0000000735800000| Untracked |  0
|  412|0x0000000735a00000, 0x0000000735a00000, 0x0000000735c00000|  0%| F|  |TAMS 0x0000000735a00000| PB 0x0000000735a00000| Untracked |  0
|  413|0x0000000735c00000, 0x0000000735c00000, 0x0000000735e00000|  0%| F|  |TAMS 0x0000000735c00000| PB 0x0000000735c00000| Untracked |  0
|  414|0x0000000735e00000, 0x0000000735e00000, 0x0000000736000000|  0%| F|  |TAMS 0x0000000735e00000| PB 0x0000000735e00000| Untracked |  0
|  415|0x0000000736000000, 0x0000000736000000, 0x0000000736200000|  0%| F|  |TAMS 0x0000000736000000| PB 0x0000000736000000| Untracked |  0
|  416|0x0000000736200000, 0x0000000736200000, 0x0000000736400000|  0%| F|  |TAMS 0x0000000736200000| PB 0x0000000736200000| Untracked |  0
|  417|0x0000000736400000, 0x0000000736400000, 0x0000000736600000|  0%| F|  |TAMS 0x0000000736400000| PB 0x0000000736400000| Untracked |  0
|  418|0x0000000736600000, 0x0000000736600000, 0x0000000736800000|  0%| F|  |TAMS 0x0000000736600000| PB 0x0000000736600000| Untracked |  0
|  419|0x0000000736800000, 0x0000000736800000, 0x0000000736a00000|  0%| F|  |TAMS 0x0000000736800000| PB 0x0000000736800000| Untracked |  0
|  420|0x0000000736a00000, 0x0000000736a00000, 0x0000000736c00000|  0%| F|  |TAMS 0x0000000736a00000| PB 0x0000000736a00000| Untracked |  0
|  421|0x0000000736c00000, 0x0000000736c00000, 0x0000000736e00000|  0%| F|  |TAMS 0x0000000736c00000| PB 0x0000000736c00000| Untracked |  0
|  422|0x0000000736e00000, 0x0000000736e00000, 0x0000000737000000|  0%| F|  |TAMS 0x0000000736e00000| PB 0x0000000736e00000| Untracked |  0
|  423|0x0000000737000000, 0x0000000737000000, 0x0000000737200000|  0%| F|  |TAMS 0x0000000737000000| PB 0x0000000737000000| Untracked |  0
|  424|0x0000000737200000, 0x0000000737200000, 0x0000000737400000|  0%| F|  |TAMS 0x0000000737200000| PB 0x0000000737200000| Untracked |  0
|  425|0x0000000737400000, 0x0000000737400000, 0x0000000737600000|  0%| F|  |TAMS 0x0000000737400000| PB 0x0000000737400000| Untracked |  0
|  426|0x0000000737600000, 0x0000000737600000, 0x0000000737800000|  0%| F|  |TAMS 0x0000000737600000| PB 0x0000000737600000| Untracked |  0
|  427|0x0000000737800000, 0x0000000737800000, 0x0000000737a00000|  0%| F|  |TAMS 0x0000000737800000| PB 0x0000000737800000| Untracked |  0
|  428|0x0000000737a00000, 0x0000000737a00000, 0x0000000737c00000|  0%| F|  |TAMS 0x0000000737a00000| PB 0x0000000737a00000| Untracked |  0
|  429|0x0000000737c00000, 0x0000000737c00000, 0x0000000737e00000|  0%| F|  |TAMS 0x0000000737c00000| PB 0x0000000737c00000| Untracked |  0
|  430|0x0000000737e00000, 0x0000000737e00000, 0x0000000738000000|  0%| F|  |TAMS 0x0000000737e00000| PB 0x0000000737e00000| Untracked |  0
|  431|0x0000000738000000, 0x0000000738000000, 0x0000000738200000|  0%| F|  |TAMS 0x0000000738000000| PB 0x0000000738000000| Untracked |  0
|  432|0x0000000738200000, 0x0000000738200000, 0x0000000738400000|  0%| F|  |TAMS 0x0000000738200000| PB 0x0000000738200000| Untracked |  0
|  433|0x0000000738400000, 0x0000000738400000, 0x0000000738600000|  0%| F|  |TAMS 0x0000000738400000| PB 0x0000000738400000| Untracked |  0
|  434|0x0000000738600000, 0x0000000738600000, 0x0000000738800000|  0%| F|  |TAMS 0x0000000738600000| PB 0x0000000738600000| Untracked |  0
|  435|0x0000000738800000, 0x0000000738800000, 0x0000000738a00000|  0%| F|  |TAMS 0x0000000738800000| PB 0x0000000738800000| Untracked |  0
|  436|0x0000000738a00000, 0x0000000738a00000, 0x0000000738c00000|  0%| F|  |TAMS 0x0000000738a00000| PB 0x0000000738a00000| Untracked |  0
|  437|0x0000000738c00000, 0x0000000738c00000, 0x0000000738e00000|  0%| F|  |TAMS 0x0000000738c00000| PB 0x0000000738c00000| Untracked |  0
|  438|0x0000000738e00000, 0x0000000738e00000, 0x0000000739000000|  0%| F|  |TAMS 0x0000000738e00000| PB 0x0000000738e00000| Untracked |  0
|  439|0x0000000739000000, 0x0000000739000000, 0x0000000739200000|  0%| F|  |TAMS 0x0000000739000000| PB 0x0000000739000000| Untracked |  0
|  440|0x0000000739200000, 0x0000000739200000, 0x0000000739400000|  0%| F|  |TAMS 0x0000000739200000| PB 0x0000000739200000| Untracked |  0
|  441|0x0000000739400000, 0x0000000739400000, 0x0000000739600000|  0%| F|  |TAMS 0x0000000739400000| PB 0x0000000739400000| Untracked |  0
|  442|0x0000000739600000, 0x0000000739600000, 0x0000000739800000|  0%| F|  |TAMS 0x0000000739600000| PB 0x0000000739600000| Untracked |  0
|  443|0x0000000739800000, 0x0000000739800000, 0x0000000739a00000|  0%| F|  |TAMS 0x0000000739800000| PB 0x0000000739800000| Untracked |  0
|  444|0x0000000739a00000, 0x0000000739a00000, 0x0000000739c00000|  0%| F|  |TAMS 0x0000000739a00000| PB 0x0000000739a00000| Untracked |  0
|  445|0x0000000739c00000, 0x0000000739c00000, 0x0000000739e00000|  0%| F|  |TAMS 0x0000000739c00000| PB 0x0000000739c00000| Untracked |  0
|  446|0x0000000739e00000, 0x0000000739e00000, 0x000000073a000000|  0%| F|  |TAMS 0x0000000739e00000| PB 0x0000000739e00000| Untracked |  0
|  447|0x000000073a000000, 0x000000073a000000, 0x000000073a200000|  0%| F|  |TAMS 0x000000073a000000| PB 0x000000073a000000| Untracked |  0
|  448|0x000000073a200000, 0x000000073a200000, 0x000000073a400000|  0%| F|  |TAMS 0x000000073a200000| PB 0x000000073a200000| Untracked |  0
|  449|0x000000073a400000, 0x000000073a400000, 0x000000073a600000|  0%| F|  |TAMS 0x000000073a400000| PB 0x000000073a400000| Untracked |  0
|  450|0x000000073a600000, 0x000000073a600000, 0x000000073a800000|  0%| F|  |TAMS 0x000000073a600000| PB 0x000000073a600000| Untracked |  0
|  451|0x000000073a800000, 0x000000073a800000, 0x000000073aa00000|  0%| F|  |TAMS 0x000000073a800000| PB 0x000000073a800000| Untracked |  0
|  452|0x000000073aa00000, 0x000000073aa00000, 0x000000073ac00000|  0%| F|  |TAMS 0x000000073aa00000| PB 0x000000073aa00000| Untracked |  0
|  453|0x000000073ac00000, 0x000000073ac00000, 0x000000073ae00000|  0%| F|  |TAMS 0x000000073ac00000| PB 0x000000073ac00000| Untracked |  0
|  454|0x000000073ae00000, 0x000000073ae00000, 0x000000073b000000|  0%| F|  |TAMS 0x000000073ae00000| PB 0x000000073ae00000| Untracked |  0
|  455|0x000000073b000000, 0x000000073b000000, 0x000000073b200000|  0%| F|  |TAMS 0x000000073b000000| PB 0x000000073b000000| Untracked |  0
|  456|0x000000073b200000, 0x000000073b200000, 0x000000073b400000|  0%| F|  |TAMS 0x000000073b200000| PB 0x000000073b200000| Untracked |  0
|  457|0x000000073b400000, 0x000000073b400000, 0x000000073b600000|  0%| F|  |TAMS 0x000000073b400000| PB 0x000000073b400000| Untracked |  0
|  458|0x000000073b600000, 0x000000073b600000, 0x000000073b800000|  0%| F|  |TAMS 0x000000073b600000| PB 0x000000073b600000| Untracked |  0
|  459|0x000000073b800000, 0x000000073b800000, 0x000000073ba00000|  0%| F|  |TAMS 0x000000073b800000| PB 0x000000073b800000| Untracked |  0
|  460|0x000000073ba00000, 0x000000073ba00000, 0x000000073bc00000|  0%| F|  |TAMS 0x000000073ba00000| PB 0x000000073ba00000| Untracked |  0
|  461|0x000000073bc00000, 0x000000073bc00000, 0x000000073be00000|  0%| F|  |TAMS 0x000000073bc00000| PB 0x000000073bc00000| Untracked |  0
|  462|0x000000073be00000, 0x000000073be00000, 0x000000073c000000|  0%| F|  |TAMS 0x000000073be00000| PB 0x000000073be00000| Untracked |  0
|  463|0x000000073c000000, 0x000000073c000000, 0x000000073c200000|  0%| F|  |TAMS 0x000000073c000000| PB 0x000000073c000000| Untracked |  0
|  464|0x000000073c200000, 0x000000073c200000, 0x000000073c400000|  0%| F|  |TAMS 0x000000073c200000| PB 0x000000073c200000| Untracked |  0
|  465|0x000000073c400000, 0x000000073c400000, 0x000000073c600000|  0%| F|  |TAMS 0x000000073c400000| PB 0x000000073c400000| Untracked |  0
|  466|0x000000073c600000, 0x000000073c600000, 0x000000073c800000|  0%| F|  |TAMS 0x000000073c600000| PB 0x000000073c600000| Untracked |  0
|  467|0x000000073c800000, 0x000000073c800000, 0x000000073ca00000|  0%| F|  |TAMS 0x000000073c800000| PB 0x000000073c800000| Untracked |  0
|  468|0x000000073ca00000, 0x000000073ca00000, 0x000000073cc00000|  0%| F|  |TAMS 0x000000073ca00000| PB 0x000000073ca00000| Untracked |  0
|  469|0x000000073cc00000, 0x000000073cc00000, 0x000000073ce00000|  0%| F|  |TAMS 0x000000073cc00000| PB 0x000000073cc00000| Untracked |  0
|  470|0x000000073ce00000, 0x000000073ce00000, 0x000000073d000000|  0%| F|  |TAMS 0x000000073ce00000| PB 0x000000073ce00000| Untracked |  0
|  471|0x000000073d000000, 0x000000073d000000, 0x000000073d200000|  0%| F|  |TAMS 0x000000073d000000| PB 0x000000073d000000| Untracked |  0
|  472|0x000000073d200000, 0x000000073d200000, 0x000000073d400000|  0%| F|  |TAMS 0x000000073d200000| PB 0x000000073d200000| Untracked |  0
|  473|0x000000073d400000, 0x000000073d400000, 0x000000073d600000|  0%| F|  |TAMS 0x000000073d400000| PB 0x000000073d400000| Untracked |  0
|  474|0x000000073d600000, 0x000000073d600000, 0x000000073d800000|  0%| F|  |TAMS 0x000000073d600000| PB 0x000000073d600000| Untracked |  0
|  475|0x000000073d800000, 0x000000073d800000, 0x000000073da00000|  0%| F|  |TAMS 0x000000073d800000| PB 0x000000073d800000| Untracked |  0
|  476|0x000000073da00000, 0x000000073da00000, 0x000000073dc00000|  0%| F|  |TAMS 0x000000073da00000| PB 0x000000073da00000| Untracked |  0
|  477|0x000000073dc00000, 0x000000073dc00000, 0x000000073de00000|  0%| F|  |TAMS 0x000000073dc00000| PB 0x000000073dc00000| Untracked |  0
|  478|0x000000073de00000, 0x000000073de00000, 0x000000073e000000|  0%| F|  |TAMS 0x000000073de00000| PB 0x000000073de00000| Untracked |  0
|  479|0x000000073e000000, 0x000000073e000000, 0x000000073e200000|  0%| F|  |TAMS 0x000000073e000000| PB 0x000000073e000000| Untracked |  0
|  480|0x000000073e200000, 0x000000073e200000, 0x000000073e400000|  0%| F|  |TAMS 0x000000073e200000| PB 0x000000073e200000| Untracked |  0
|  481|0x000000073e400000, 0x000000073e400000, 0x000000073e600000|  0%| F|  |TAMS 0x000000073e400000| PB 0x000000073e400000| Untracked |  0
|  482|0x000000073e600000, 0x000000073e600000, 0x000000073e800000|  0%| F|  |TAMS 0x000000073e600000| PB 0x000000073e600000| Untracked |  0
|  483|0x000000073e800000, 0x000000073e800000, 0x000000073ea00000|  0%| F|  |TAMS 0x000000073e800000| PB 0x000000073e800000| Untracked |  0
|  484|0x000000073ea00000, 0x000000073ea00000, 0x000000073ec00000|  0%| F|  |TAMS 0x000000073ea00000| PB 0x000000073ea00000| Untracked |  0
|  485|0x000000073ec00000, 0x000000073ec00000, 0x000000073ee00000|  0%| F|  |TAMS 0x000000073ec00000| PB 0x000000073ec00000| Untracked |  0
|  486|0x000000073ee00000, 0x000000073ee00000, 0x000000073f000000|  0%| F|  |TAMS 0x000000073ee00000| PB 0x000000073ee00000| Untracked |  0
|  487|0x000000073f000000, 0x000000073f000000, 0x000000073f200000|  0%| F|  |TAMS 0x000000073f000000| PB 0x000000073f000000| Untracked |  0
|  488|0x000000073f200000, 0x000000073f200000, 0x000000073f400000|  0%| F|  |TAMS 0x000000073f200000| PB 0x000000073f200000| Untracked |  0
|  489|0x000000073f400000, 0x000000073f400000, 0x000000073f600000|  0%| F|  |TAMS 0x000000073f400000| PB 0x000000073f400000| Untracked |  0
|  490|0x000000073f600000, 0x000000073f600000, 0x000000073f800000|  0%| F|  |TAMS 0x000000073f600000| PB 0x000000073f600000| Untracked |  0
|  491|0x000000073f800000, 0x000000073f800000, 0x000000073fa00000|  0%| F|  |TAMS 0x000000073f800000| PB 0x000000073f800000| Untracked |  0
|  492|0x000000073fa00000, 0x000000073fa00000, 0x000000073fc00000|  0%| F|  |TAMS 0x000000073fa00000| PB 0x000000073fa00000| Untracked |  0
|  493|0x000000073fc00000, 0x000000073fc00000, 0x000000073fe00000|  0%| F|  |TAMS 0x000000073fc00000| PB 0x000000073fc00000| Untracked |  0
|  494|0x000000073fe00000, 0x000000073fe00000, 0x0000000740000000|  0%| F|  |TAMS 0x000000073fe00000| PB 0x000000073fe00000| Untracked |  0
|  495|0x0000000740000000, 0x0000000740000000, 0x0000000740200000|  0%| F|  |TAMS 0x0000000740000000| PB 0x0000000740000000| Untracked |  0
|  496|0x0000000740200000, 0x0000000740200000, 0x0000000740400000|  0%| F|  |TAMS 0x0000000740200000| PB 0x0000000740200000| Untracked |  0
|  497|0x0000000740400000, 0x0000000740400000, 0x0000000740600000|  0%| F|  |TAMS 0x0000000740400000| PB 0x0000000740400000| Untracked |  0
|  498|0x0000000740600000, 0x0000000740600000, 0x0000000740800000|  0%| F|  |TAMS 0x0000000740600000| PB 0x0000000740600000| Untracked |  0
|  499|0x0000000740800000, 0x00000007408fb828, 0x0000000740a00000| 49%| E|CS|TAMS 0x0000000740800000| PB 0x0000000740800000| Complete  |  0
|  500|0x0000000740a00000, 0x0000000740c00000, 0x0000000740c00000|100%| E|CS|TAMS 0x0000000740a00000| PB 0x0000000740a00000| Complete  |  0
|  501|0x0000000740c00000, 0x0000000740e00000, 0x0000000740e00000|100%| E|CS|TAMS 0x0000000740c00000| PB 0x0000000740c00000| Complete  |  0
|  502|0x0000000740e00000, 0x0000000741000000, 0x0000000741000000|100%| E|CS|TAMS 0x0000000740e00000| PB 0x0000000740e00000| Complete  |  0
|  503|0x0000000741000000, 0x0000000741200000, 0x0000000741200000|100%| E|CS|TAMS 0x0000000741000000| PB 0x0000000741000000| Complete  |  0
|  504|0x0000000741200000, 0x0000000741400000, 0x0000000741400000|100%| E|CS|TAMS 0x0000000741200000| PB 0x0000000741200000| Complete  |  0
|  505|0x0000000741400000, 0x0000000741600000, 0x0000000741600000|100%| E|CS|TAMS 0x0000000741400000| PB 0x0000000741400000| Complete  |  0
|  506|0x0000000741600000, 0x0000000741800000, 0x0000000741800000|100%| E|CS|TAMS 0x0000000741600000| PB 0x0000000741600000| Complete  |  0
|  507|0x0000000741800000, 0x0000000741a00000, 0x0000000741a00000|100%| E|CS|TAMS 0x0000000741800000| PB 0x0000000741800000| Complete  |  0
|  508|0x0000000741a00000, 0x0000000741c00000, 0x0000000741c00000|100%| E|CS|TAMS 0x0000000741a00000| PB 0x0000000741a00000| Complete  |  0
|  509|0x0000000741c00000, 0x0000000741e00000, 0x0000000741e00000|100%| E|CS|TAMS 0x0000000741c00000| PB 0x0000000741c00000| Complete  |  0
|  510|0x0000000741e00000, 0x0000000742000000, 0x0000000742000000|100%| E|CS|TAMS 0x0000000741e00000| PB 0x0000000741e00000| Complete  |  0
|  511|0x0000000742000000, 0x0000000742200000, 0x0000000742200000|100%| E|CS|TAMS 0x0000000742000000| PB 0x0000000742000000| Complete  |  0
| 2030|0x00000007ffe00000, 0x0000000800000000, 0x0000000800000000|100%| E|CS|TAMS 0x00000007ffe00000| PB 0x00000007ffe00000| Complete  |  0

Card table byte_map: [0x000001f0796d0000,0x000001f079ec0000] _byte_map_base: 0x000001f075ebf000
Refinement table byte_map: [0x000001f078ee0000,0x000001f0796d0000] _byte_map_base: 0x000001f0756cf000

Marking Bits: (CMBitMap*) 0x000001f06061ffb0
 Bits: [0x000001f079ec0000, 0x000001f07de38000)

Polling page: 0x000001f05e5c0000

Metaspace:
Metaspace        used 74236K, committed 75648K, reserved 1179648K
 class space     used 8326K, committed 8960K, reserved 1048576K

Usage:
  Non-class:     64.36 MB used.
      Class:      8.13 MB used.
       Both:     72.50 MB used.

Virtual space:
  Non-class space:      128.00 MB reserved,      65.12 MB ( 51%) committed,  2 nodes.
      Class space:        1.00 GB reserved,       8.75 MB ( <1%) committed,  1 nodes.
             Both:        1.12 GB reserved,      73.88 MB (  6%) committed. 

Chunk freelists:
   Non-Class:  14.66 MB
       Class:  7.22 MB
        Both:  21.88 MB

MaxMetaspaceSize: unlimited
CompressedClassSpaceSize: 1.00 GB
Initial GC threshold: 21.00 MB
Current GC threshold: 100.44 MB
CDS: on
 - commit_granule_bytes: 65536.
 - commit_granule_words: 8192.
 - virtual_space_node_default_size: 8388608.
 - enlarge_chunks_in_place: 1.
UseCompressedClassPointers 1, UseCompactObjectHeaders 0
Narrow klass pointer bits 32, Max shift 3
Narrow klass base: 0x0000000029000000, Narrow klass shift: 0
Encoding Range: [0x0000000029000000 - 0x0000000129000000), (4294967296 bytes)
Klass Range:    [0x0000000029000000 - 0x000000006a000000), (1090519040 bytes)
Klass ID Range:  [8 - 1090519033) (1090519025)
Protection zone: [0x0000000029000000 - 0x0000000029010000), (65536 bytes)


Internal statistics:

num_allocs_failed_limit: 15.
num_arena_births: 910.
num_arena_deaths: 0.
num_vsnodes_births: 3.
num_vsnodes_deaths: 0.
num_space_committed: 1182.
num_space_uncommitted: 0.
num_chunks_returned_to_freelist: 15.
num_chunks_taken_from_freelist: 4188.
num_chunk_merges: 9.
num_chunk_splits: 2597.
num_chunks_enlarged: 1516.
num_inconsistent_stats: 0.

CodeHeap 'non-profiled nmethods': size=120064Kb used=6009Kb max_used=6009Kb free=114054Kb
 bounds [0x000001f070d60000, 0x000001f071340000, 0x000001f0782a0000]
CodeHeap 'profiled nmethods': size=120064Kb used=19645Kb max_used=19645Kb free=100418Kb
 bounds [0x000001f069280000, 0x000001f06a5b0000, 0x000001f0707c0000]
CodeHeap 'non-nmethods': size=5760Kb used=1724Kb max_used=1855Kb free=4035Kb
 bounds [0x000001f0707c0000, 0x000001f070a30000, 0x000001f070d60000]
CodeCache: size=245888Kb, used=27378Kb, max_used=27509Kb, free=218507Kb
 total_blobs=12008, nmethods=11183, adapters=725, full_count=0
Compilation: enabled, stopped_count=0, restarted_count=0

Compilation events (20 events):
Event: 381.893 Thread 0x000001f00090fd00 11908       1       org.eclipse.jdt.internal.compiler.ASTVisitor::visit (2 bytes)
Event: 381.893 Thread 0x000001f00090fd00 nmethod 11908 0x000001f07132d888 code [0x000001f07132d980, 0x000001f07132da38]
Event: 381.960 Thread 0x000001f00090fd00 11914       1       org.eclipse.core.internal.jobs.InternalJob::getProgressMonitor (5 bytes)
Event: 381.960 Thread 0x000001f00090fd00 nmethod 11914 0x000001f07132de88 code [0x000001f07132df80, 0x000001f07132e038]
Event: 382.118 Thread 0x000001f006c740d0 nmethod 11890% 0x000001f07132e188 code [0x000001f07132e280, 0x000001f071334350]
Event: 382.118 Thread 0x000001f006c740d0 11909   !   4       org.eclipse.jdt.internal.compiler.lookup.BinaryTypeBinding::createMethods (411 bytes)
Event: 382.150 Thread 0x000001f006c6f030 nmethod 11886 0x000001f071334388 code [0x000001f0713344a0, 0x000001f071339c20]
Event: 382.150 Thread 0x000001f006c6f030 11913       4       org.eclipse.jdt.internal.core.util.SimpleWordSet::add (81 bytes)
Event: 382.158 Thread 0x000001f006c6f030 nmethod 11913 0x000001f071339c88 code [0x000001f071339d80, 0x000001f07133a4d0]
Event: 382.158 Thread 0x000001f006c6f030 11884       4       org.eclipse.jdt.internal.core.util.Util::quickSort (101 bytes)
Event: 382.181 Thread 0x000001f006c6f030 nmethod 11884 0x000001f07133a508 code [0x000001f07133a600, 0x000001f07133aea0]
Event: 382.181 Thread 0x000001f006c6f030 11901       4       java.lang.invoke.LambdaForm$MH/0x000000002a0ac000::invoke (35 bytes)
Event: 382.183 Thread 0x000001f006c6f030 nmethod 11901 0x000001f07133af08 code [0x000001f07133b000, 0x000001f07133b188]
Event: 382.183 Thread 0x000001f006c6f030 11897       4       org.eclipse.jdt.internal.compiler.lookup.PackageBinding::addPackage (40 bytes)
Event: 382.186 Thread 0x000001f006c6f030 nmethod 11897 0x000001f07133b208 code [0x000001f07133b300, 0x000001f07133b4a8]
Event: 382.186 Thread 0x000001f006c6f030 11896   !   4       org.eclipse.jdt.internal.compiler.parser.Scanner::getNextChar (140 bytes)
Event: 382.190 Thread 0x000001f006c6f030 nmethod 11896 0x000001f07133b508 code [0x000001f07133b600, 0x000001f07133b8f0]
Event: 382.190 Thread 0x000001f006c6f030 11894       4       java.util.ImmutableCollections$MapN::get (35 bytes)
Event: 382.195 Thread 0x000001f006c6f030 nmethod 11894 0x000001f07133b908 code [0x000001f07133ba00, 0x000001f07133bd18]
Event: 382.222 Thread 0x000001f006c740d0 nmethod 11909 0x000001f07133bd88 code [0x000001f07133be80, 0x000001f07133e568]

GC Heap Usage History (14 events):
Event: 2.081 {heap Before GC invocations=0 (full 0):
 garbage-first heap   total reserved 4159488K, committed 1050624K, used 52387K [0x0000000702200000, 0x0000000800000000)
  region size 2M, 25 eden (50M), 0 survivor (0M), 1 old (2M), 0 humongous (0M), 487 free (974M)
}
Event: 2.089 {heap After GC invocations=1 (full 0):
 garbage-first heap   total reserved 4159488K, committed 1050624K, used 7139K [0x0000000702200000, 0x0000000800000000)
  region size 2M, 0 eden (0M), 3 survivor (6M), 1 old (2M), 0 humongous (0M), 509 free (1018M)
}
Event: 5.127 {heap Before GC invocations=1 (full 0):
 garbage-first heap   total reserved 4159488K, committed 1050624K, used 136163K [0x0000000702200000, 0x0000000800000000)
  region size 2M, 64 eden (128M), 3 survivor (6M), 1 old (2M), 0 humongous (0M), 445 free (890M)
}
Event: 5.143 {heap After GC invocations=2 (full 0):
 garbage-first heap   total reserved 4159488K, committed 1050624K, used 16076K [0x0000000702200000, 0x0000000800000000)
  region size 2M, 0 eden (0M), 8 survivor (16M), 1 old (2M), 0 humongous (0M), 504 free (1008M)
}
Event: 6.599 {heap Before GC invocations=3 (full 0):
 garbage-first heap   total reserved 4159488K, committed 1050624K, used 141004K [0x0000000702200000, 0x0000000800000000)
  region size 2M, 63 eden (126M), 8 survivor (16M), 1 old (2M), 0 humongous (0M), 441 free (882M)
}
Event: 6.616 {heap After GC invocations=4 (full 0):
 garbage-first heap   total reserved 4159488K, committed 1050624K, used 20907K [0x0000000702200000, 0x0000000800000000)
  region size 2M, 0 eden (0M), 10 survivor (20M), 1 old (2M), 0 humongous (0M), 502 free (1004M)
}
Event: 6.635 {heap Before GC invocations=4 (full 0):
 garbage-first heap   total reserved 4159488K, committed 1050624K, used 22955K [0x0000000702200000, 0x0000000800000000)
  region size 2M, 2 eden (4M), 10 survivor (20M), 1 old (2M), 0 humongous (0M), 500 free (1000M)
}
Event: 6.651 {heap After GC invocations=5 (full 0):
 garbage-first heap   total reserved 4159488K, committed 1050624K, used 19478K [0x0000000702200000, 0x0000000800000000)
  region size 2M, 0 eden (0M), 9 survivor (18M), 1 old (2M), 0 humongous (0M), 503 free (1006M)
}
Event: 6.675 {heap Before GC invocations=5 (full 0):
 garbage-first heap   total reserved 4159488K, committed 1050624K, used 23574K [0x0000000702200000, 0x0000000800000000)
  region size 2M, 3 eden (6M), 9 survivor (18M), 1 old (2M), 0 humongous (0M), 500 free (1000M)
}
Event: 6.693 {heap After GC invocations=6 (full 0):
 garbage-first heap   total reserved 4159488K, committed 1050624K, used 21301K [0x0000000702200000, 0x0000000800000000)
  region size 2M, 0 eden (0M), 10 survivor (20M), 1 old (2M), 0 humongous (0M), 502 free (1004M)
}
Event: 11.609 {heap Before GC invocations=7 (full 0):
 garbage-first heap   total reserved 4159488K, committed 1050624K, used 379701K [0x0000000702200000, 0x0000000800000000)
  region size 2M, 176 eden (352M), 10 survivor (20M), 1 old (2M), 0 humongous (0M), 326 free (652M)
}
Event: 11.665 {heap After GC invocations=8 (full 0):
 garbage-first heap   total reserved 4159488K, committed 1050624K, used 43857K [0x0000000702200000, 0x0000000800000000)
  region size 2M, 0 eden (0M), 21 survivor (42M), 1 old (2M), 0 humongous (0M), 491 free (982M)
}
Event: 380.198 {heap Before GC invocations=9 (full 0):
 garbage-first heap   total reserved 4159488K, committed 1050624K, used 506705K [0x0000000702200000, 0x0000000800000000)
  region size 2M, 182 eden (364M), 21 survivor (42M), 1 old (2M), 45 humongous (90M), 264 free (528M)
}
Event: 380.294 {heap After GC invocations=10 (full 0):
 garbage-first heap   total reserved 4159488K, committed 1050624K, used 54431K [0x0000000702200000, 0x0000000800000000)
  region size 2M, 0 eden (0M), 18 survivor (36M), 9 old (18M), 0 humongous (0M), 486 free (972M)
}

Metaspace Usage History (14 events):
Event: 2.081 {metaspace Before GC invocations=0 (full 0):
 Metaspace       used 7580K, committed 7808K, reserved 1114112K
  class space    used 749K, committed 832K, reserved 1048576K
}
Event: 2.089 {metaspace After GC invocations=1 (full 0):
 Metaspace       used 7580K, committed 7808K, reserved 1114112K
  class space    used 749K, committed 832K, reserved 1048576K
}
Event: 5.127 {metaspace Before GC invocations=1 (full 0):
 Metaspace       used 20799K, committed 21504K, reserved 1114112K
  class space    used 2216K, committed 2496K, reserved 1048576K
}
Event: 5.143 {metaspace After GC invocations=2 (full 0):
 Metaspace       used 20799K, committed 21504K, reserved 1114112K
  class space    used 2216K, committed 2496K, reserved 1048576K
}
Event: 6.599 {metaspace Before GC invocations=3 (full 0):
 Metaspace       used 35079K, committed 36096K, reserved 1114112K
  class space    used 3691K, committed 4096K, reserved 1048576K
}
Event: 6.616 {metaspace After GC invocations=4 (full 0):
 Metaspace       used 35079K, committed 36096K, reserved 1114112K
  class space    used 3691K, committed 4096K, reserved 1048576K
}
Event: 6.635 {metaspace Before GC invocations=4 (full 0):
 Metaspace       used 35448K, committed 36416K, reserved 1114112K
  class space    used 3734K, committed 4096K, reserved 1048576K
}
Event: 6.651 {metaspace After GC invocations=5 (full 0):
 Metaspace       used 35448K, committed 36416K, reserved 1114112K
  class space    used 3734K, committed 4096K, reserved 1048576K
}
Event: 6.675 {metaspace Before GC invocations=5 (full 0):
 Metaspace       used 35858K, committed 36736K, reserved 1114112K
  class space    used 3781K, committed 4096K, reserved 1048576K
}
Event: 6.693 {metaspace After GC invocations=6 (full 0):
 Metaspace       used 35858K, committed 36736K, reserved 1114112K
  class space    used 3781K, committed 4096K, reserved 1048576K
}
Event: 11.609 {metaspace Before GC invocations=7 (full 0):
 Metaspace       used 60290K, committed 61440K, reserved 1114112K
  class space    used 6816K, committed 7296K, reserved 1048576K
}
Event: 11.665 {metaspace After GC invocations=8 (full 0):
 Metaspace       used 60290K, committed 61440K, reserved 1114112K
  class space    used 6816K, committed 7296K, reserved 1048576K
}
Event: 380.198 {metaspace Before GC invocations=9 (full 0):
 Metaspace       used 73645K, committed 75008K, reserved 1179648K
  class space    used 8239K, committed 8832K, reserved 1048576K
}
Event: 380.294 {metaspace After GC invocations=10 (full 0):
 Metaspace       used 73645K, committed 75008K, reserved 1179648K
  class space    used 8239K, committed 8832K, reserved 1048576K
}

Dll operation events (20 events):
Event: 0.156 Attempting to load shared library C:\Program Files\Java\jdk-26.0.2\bin\instrument.dll
Event: 0.156 Loaded shared library C:\Program Files\Java\jdk-26.0.2\bin\instrument.dll
Event: 0.162 Attempting to load shared library C:\Program Files\Java\jdk-26.0.2\bin\net.dll
Event: 0.163 Loaded shared library C:\Program Files\Java\jdk-26.0.2\bin\net.dll
Event: 0.166 Attempting to load shared library C:\Program Files\Java\jdk-26.0.2\bin\nio.dll
Event: 0.167 Loaded shared library C:\Program Files\Java\jdk-26.0.2\bin\nio.dll
Event: 0.173 Attempting to load shared library C:\Program Files\Java\jdk-26.0.2\bin\zip.dll
Event: 0.173 Loaded shared library C:\Program Files\Java\jdk-26.0.2\bin\zip.dll
Event: 0.212 Attempting to load shared library C:\Program Files\Java\jdk-26.0.2\bin\jimage.dll
Event: 0.212 Loaded shared library C:\Program Files\Java\jdk-26.0.2\bin\jimage.dll
Event: 0.369 Attempting to load shared library C:\Program Files\Java\jdk-26.0.2\bin\verify.dll
Event: 0.370 Loaded shared library C:\Program Files\Java\jdk-26.0.2\bin\verify.dll
Event: 2.374 Attempting to load shared library C:\Users\Admin\AppData\Local\Zed\extensions\work\java\jdtls\1.61.0\configuration\org.eclipse.equinox.launcher\org.eclipse.equinox.launcher.win32.win32.x86_64_1.3.100.v20260804-1928\eclipse_11924.dll
Event: 2.380 Loaded shared library C:\Users\Admin\AppData\Local\Zed\extensions\work\java\jdtls\1.61.0\configuration\org.eclipse.equinox.launcher\org.eclipse.equinox.launcher.win32.win32.x86_64_1.3.100.v20260804-1928\eclipse_11924.dll
Event: 4.362 Attempting to load shared library C:\Users\Admin\AppData\Local\Temp\jna-63116079\jna12378232806590258444.dll
Event: 4.365 Loaded shared library C:\Users\Admin\AppData\Local\Temp\jna-63116079\jna12378232806590258444.dll
Event: 6.728 Attempting to load shared library C:\Program Files\Java\jdk-26.0.2\bin\sunmscapi.dll
Event: 6.734 Loaded shared library C:\Program Files\Java\jdk-26.0.2\bin\sunmscapi.dll
Event: 6.916 Attempting to load shared library C:\Program Files\Java\jdk-26.0.2\bin\extnet.dll
Event: 6.918 Loaded shared library C:\Program Files\Java\jdk-26.0.2\bin\extnet.dll

Deoptimization events (20 events):
Event: 381.761 Thread 0x000001f0009027d0 DEOPT PACKING pc=0x000001f0711d4e88 sp=0x000000168bffef50
Event: 381.761 Thread 0x000001f0009027d0 DEOPT UNPACKING pc=0x000001f0708e2602 sp=0x000000168bffeee0 mode 2
Event: 381.763 Thread 0x000001f0009027d0 DEOPT PACKING pc=0x000001f06a1843ca sp=0x000000168bffee80
Event: 381.763 Thread 0x000001f0009027d0 DEOPT UNPACKING pc=0x000001f070811a02 sp=0x000000168bffe430 mode 0
Event: 381.768 Thread 0x000001f0009027d0 Uncommon trap: trap_request=0xffffff45 fr.pc=0x000001f07126633c relative=0x00000000000005bc
Event: 381.768 Thread 0x000001f0009027d0 Uncommon trap: reason=unstable_if action=reinterpret pc=0x000001f07126633c method=org.eclipse.jdt.internal.core.index.DiskIndex.writeStreamChars(Ljava/io/OutputStream;[C)V @ 9 c2
Event: 381.768 Thread 0x000001f0009027d0 DEOPT PACKING pc=0x000001f07126633c sp=0x000000168bffef40
Event: 381.768 Thread 0x000001f0009027d0 DEOPT UNPACKING pc=0x000001f0708e2602 sp=0x000000168bffeeb0 mode 2
Event: 381.799 Thread 0x000001f0009027d0 DEOPT PACKING pc=0x000001f06a1843ca sp=0x000000168bffedf0
Event: 381.799 Thread 0x000001f0009027d0 DEOPT UNPACKING pc=0x000001f070811a02 sp=0x000000168bffe3a0 mode 0
Event: 381.865 Thread 0x000001f0009027d0 DEOPT PACKING pc=0x000001f06a19f015 sp=0x000000168bffefe0
Event: 381.865 Thread 0x000001f0009027d0 DEOPT UNPACKING pc=0x000001f070811a02 sp=0x000000168bffe4b8 mode 0
Event: 381.907 Thread 0x000001f0009027d0 DEOPT PACKING pc=0x000001f06a1843ca sp=0x000000168bffedf0
Event: 381.907 Thread 0x000001f0009027d0 DEOPT UNPACKING pc=0x000001f070811a02 sp=0x000000168bffe3a0 mode 0
Event: 381.919 Thread 0x000001f0009027d0 DEOPT PACKING pc=0x000001f06a19f015 sp=0x000000168bffefe0
Event: 381.919 Thread 0x000001f0009027d0 DEOPT UNPACKING pc=0x000001f070811a02 sp=0x000000168bffe4b8 mode 0
Event: 381.921 Thread 0x000001f0009027d0 DEOPT PACKING pc=0x000001f06a194469 sp=0x000000168bffef60
Event: 381.921 Thread 0x000001f0009027d0 DEOPT UNPACKING pc=0x000001f070811a02 sp=0x000000168bffe4b8 mode 0
Event: 381.934 Thread 0x000001f0009027d0 DEOPT PACKING pc=0x000001f06a194469 sp=0x000000168bffef60
Event: 381.934 Thread 0x000001f0009027d0 DEOPT UNPACKING pc=0x000001f070811a02 sp=0x000000168bffe4b8 mode 0

Classes loaded (20 events):
Event: 359.907 Loading class jdk/internal/ref/CleanerImpl$InnocuousThreadFactory
Event: 359.907 Loading class jdk/internal/ref/CleanerImpl$InnocuousThreadFactory done
Event: 364.774 Loading class java/util/stream/ReferencePipeline$15
Event: 364.775 Loading class java/util/stream/ReferencePipeline$15 done
Event: 364.776 Loading class java/util/stream/ReferencePipeline$15$1
Event: 364.776 Loading class java/util/stream/ReferencePipeline$15$1 done
Event: 367.544 Loading class sun/nio/fs/WindowsFileCopy
Event: 367.545 Loading class sun/nio/fs/WindowsFileCopy done
Event: 368.598 Loading class java/util/concurrent/CompletionException
Event: 368.599 Loading class java/util/concurrent/CompletionException done
Event: 369.223 Loading class java/util/regex/Pattern$Bound
Event: 369.223 Loading class java/util/regex/Pattern$Bound done
Event: 369.702 Loading class java/lang/Throwable$WrappedPrintWriter
Event: 369.702 Loading class java/lang/Throwable$PrintStreamOrWriter
Event: 369.702 Loading class java/lang/Throwable$PrintStreamOrWriter done
Event: 369.702 Loading class java/lang/Throwable$WrappedPrintWriter done
Event: 370.952 Loading class java/lang/StringLatin1$LinesSpliterator
Event: 370.953 Loading class java/lang/StringLatin1$LinesSpliterator done
Event: 370.998 Loading class java/util/Collections$EmptyListIterator
Event: 370.998 Loading class java/util/Collections$EmptyListIterator done

Classes unloaded (0 events):
No events

Classes redefined (0 events):
No events

Internal exceptions (20 events):
Event: 369.172 Thread 0x000001f00575ada0 Exception <a 'java/lang/NoSuchMethodError'{0x0000000734f596a8}: 'java.lang.Object java.lang.invoke.DirectMethodHandle$Holder.invokeStaticInit(java.lang.Object, java.lang.Object, java.lang.Object)'> (0x0000000734f596a8) 
thrown [s\open\src\hotspot\share\interpreter\linkResolver.cpp, line 804]
Event: 369.195 Thread 0x000001f00575ada0 Exception <a 'java/lang/NoSuchMethodError'{0x0000000734fc4fd8}: 'int java.lang.invoke.DirectMethodHandle$Holder.invokeStaticInit(java.lang.Object, int)'> (0x0000000734fc4fd8) 
thrown [s\open\src\hotspot\share\interpreter\linkResolver.cpp, line 804]
Event: 369.605 Thread 0x000001f00575ada0 Exception <a 'java/lang/NoSuchMethodError'{0x00000007340f6d08}: 'int java.lang.invoke.DirectMethodHandle$Holder.invokeSpecialIFC(java.lang.Object, java.lang.Object, int)'> (0x00000007340f6d08) 
thrown [s\open\src\hotspot\share\interpreter\linkResolver.cpp, line 804]
Event: 369.634 Thread 0x000001f0089bd7d0 Exception <a 'java/lang/ArrayIndexOutOfBoundsException'{0x0000000735773dd0}> (0x0000000735773dd0) 
thrown [s\open\src\hotspot\share\runtime\sharedRuntime.cpp, line 732]
Event: 369.647 Thread 0x000001f0089bd7d0 Exception <a 'java/lang/ArrayIndexOutOfBoundsException'{0x000000073418f5c8}> (0x000000073418f5c8) 
thrown [s\open\src\hotspot\share\runtime\sharedRuntime.cpp, line 732]
Event: 369.647 Thread 0x000001f0089bd7d0 Exception <a 'java/lang/ArrayIndexOutOfBoundsException'{0x0000000734190b88}> (0x0000000734190b88) 
thrown [s\open\src\hotspot\share\runtime\sharedRuntime.cpp, line 732]
Event: 369.647 Thread 0x000001f0089bd7d0 Exception <a 'java/lang/ArrayIndexOutOfBoundsException'{0x0000000734191160}> (0x0000000734191160) 
thrown [s\open\src\hotspot\share\runtime\sharedRuntime.cpp, line 732]
Event: 369.716 Thread 0x000001f0086301b0 Implicit null exception at 0x000001f071008626 to 0x000001f071008670
Event: 369.760 Thread 0x000001f0089bd7d0 Implicit null exception at 0x000001f070ff0c3b to 0x000001f070ff15f8
Event: 369.865 Thread 0x000001f006da6060 Exception <a 'java/lang/ArrayIndexOutOfBoundsException'{0x0000000733261408}> (0x0000000733261408) 
thrown [s\open\src\hotspot\share\runtime\sharedRuntime.cpp, line 732]
Event: 370.219 Thread 0x000001f0009027d0 Exception <a 'sun/nio/fs/WindowsException'{0x0000000737fb1998}> (0x0000000737fb1998) 
thrown [s\open\src\hotspot\share\prims\jni.cpp, line 514]
Event: 370.520 Thread 0x000001f0009027d0 Exception <a 'sun/nio/fs/WindowsException'{0x00000007310f4ef0}> (0x00000007310f4ef0) 
thrown [s\open\src\hotspot\share\prims\jni.cpp, line 514]
Event: 371.048 Thread 0x000001f00575ada0 Implicit null exception at 0x000001f0711940ae to 0x000001f071194338
Event: 374.524 Thread 0x000001f0089bd7d0 Exception <a 'java/lang/IncompatibleClassChangeError'{0x000000072d483d60}: Found class java.lang.Object, but interface was expected> (0x000000072d483d60) 
thrown [s\open\src\hotspot\share\interpreter\linkResolver.cpp, line 871]
Event: 375.562 Thread 0x000001f0089bd7d0 Implicit null exception at 0x000001f071170ee0 to 0x000001f0711716f4
Event: 375.594 Thread 0x000001f0009027d0 Exception <a 'sun/nio/fs/WindowsException'{0x000000073118f4d8}> (0x000000073118f4d8) 
thrown [s\open\src\hotspot\share\prims\jni.cpp, line 514]
Event: 375.879 Thread 0x000001f0009027d0 Exception <a 'sun/nio/fs/WindowsException'{0x000000072c1d2368}> (0x000000072c1d2368) 
thrown [s\open\src\hotspot\share\prims\jni.cpp, line 514]
Event: 380.306 Thread 0x000001f0086301b0 Implicit null exception at 0x000001f07121f820 to 0x000001f071220040
Event: 381.773 Thread 0x000001f0009027d0 Exception <a 'sun/nio/fs/WindowsException'{0x0000000741709830}> (0x0000000741709830) 
thrown [s\open\src\hotspot\share\prims\jni.cpp, line 514]
Event: 381.952 Thread 0x000001f0009027d0 Exception <a 'sun/nio/fs/WindowsException'{0x00000007408ddfa0}> (0x00000007408ddfa0) 
thrown [s\open\src\hotspot\share\prims\jni.cpp, line 514]

VM Operations (20 events):
Event: 368.336 Executing non-safepoint VM operation: HandshakeAllThreads (Deoptimize)
Event: 368.337 Executing non-safepoint VM operation: HandshakeAllThreads (Deoptimize) done
Event: 368.349 Executing non-safepoint VM operation: HandshakeAllThreads (Deoptimize)
Event: 368.349 Executing non-safepoint VM operation: HandshakeAllThreads (Deoptimize) done
Event: 368.352 Executing non-safepoint VM operation: HandshakeAllThreads (Deoptimize)
Event: 368.352 Executing non-safepoint VM operation: HandshakeAllThreads (Deoptimize) done
Event: 368.369 Executing non-safepoint VM operation: HandshakeAllThreads (Deoptimize)
Event: 368.369 Executing non-safepoint VM operation: HandshakeAllThreads (Deoptimize) done
Event: 368.433 Executing non-safepoint VM operation: HandshakeAllThreads (Deoptimize)
Event: 368.433 Executing non-safepoint VM operation: HandshakeAllThreads (Deoptimize) done
Event: 369.430 Executing non-safepoint VM operation: HandshakeAllThreads (Deoptimize)
Event: 369.430 Executing non-safepoint VM operation: HandshakeAllThreads (Deoptimize) done
Event: 370.149 Executing non-safepoint VM operation: HandshakeAllThreads (Deoptimize)
Event: 370.150 Executing non-safepoint VM operation: HandshakeAllThreads (Deoptimize) done
Event: 370.154 Executing non-safepoint VM operation: HandshakeAllThreads (Deoptimize)
Event: 370.154 Executing non-safepoint VM operation: HandshakeAllThreads (Deoptimize) done
Event: 380.198 Executing safepoint VM operation: G1CollectForAllocation (G1 Evacuation Pause)
Event: 380.294 Executing safepoint VM operation: G1CollectForAllocation (G1 Evacuation Pause) done
Event: 380.313 Executing non-safepoint VM operation: HandshakeAllThreads (Deoptimize)
Event: 380.313 Executing non-safepoint VM operation: HandshakeAllThreads (Deoptimize) done

Memory protections (0 events):
No events

Nmethod flushes (20 events):
Event: 11.701 Thread 0x000001f0008ef5b0 flushing  nmethod 0x000001f0692fb788
Event: 11.701 Thread 0x000001f0008ef5b0 flushing  nmethod 0x000001f069406f08
Event: 11.701 Thread 0x000001f0008ef5b0 flushing  nmethod 0x000001f069407208
Event: 11.701 Thread 0x000001f0008ef5b0 flushing  nmethod 0x000001f0694c1588
Event: 11.701 Thread 0x000001f0008ef5b0 flushing  nmethod 0x000001f0694c1888
Event: 11.701 Thread 0x000001f0008ef5b0 flushing  nmethod 0x000001f0694c1f08
Event: 11.701 Thread 0x000001f0008ef5b0 flushing  nmethod 0x000001f0694c3b08
Event: 11.701 Thread 0x000001f0008ef5b0 flushing  nmethod 0x000001f0694c5788
Event: 11.701 Thread 0x000001f0008ef5b0 flushing  nmethod 0x000001f0694c9988
Event: 11.701 Thread 0x000001f0008ef5b0 flushing  nmethod 0x000001f069544808
Event: 11.701 Thread 0x000001f0008ef5b0 flushing  nmethod 0x000001f0695ad208
Event: 11.701 Thread 0x000001f0008ef5b0 flushing  nmethod 0x000001f0695aeb08
Event: 11.701 Thread 0x000001f0008ef5b0 flushing  nmethod 0x000001f0695e9d88
Event: 11.701 Thread 0x000001f0008ef5b0 flushing  nmethod 0x000001f0695ed008
Event: 11.701 Thread 0x000001f0008ef5b0 flushing  nmethod 0x000001f069616788
Event: 11.701 Thread 0x000001f0008ef5b0 flushing  nmethod 0x000001f069632c88
Event: 11.701 Thread 0x000001f0008ef5b0 flushing  nmethod 0x000001f0696f7e08
Event: 11.702 Thread 0x000001f0008ef5b0 flushing  nmethod 0x000001f069719a08
Event: 11.702 Thread 0x000001f0008ef5b0 flushing  nmethod 0x000001f069958488
Event: 11.702 Thread 0x000001f0008ef5b0 flushing  nmethod 0x000001f0699e5d08

Events (20 events):
Event: 375.689 Thread 0x000001f005a25960 Thread added: 0x000001f013402ee0
Event: 376.233 Thread 0x000001f00560bc30 Thread exited: 0x000001f00560bc30
Event: 376.245 Thread 0x000001f00090fd00 Thread added: 0x000001f007410a10
Event: 376.317 Thread 0x000001f0086301b0 Thread added: 0x000001f013405dc0
Event: 376.838 Thread 0x000001f007410a10 Thread exited: 0x000001f007410a10
Event: 380.147 Thread 0x000001f00560a400 Thread exited: 0x000001f00560a400
Event: 380.294 Thread 0x000001f013405dc0 Thread exited: 0x000001f013405dc0
Event: 380.294 Thread 0x000001f008628c80 Thread exited: 0x000001f008628c80
Event: 380.294 Thread 0x000001f00862f9e0 Thread exited: 0x000001f00862f9e0
Event: 380.335 Thread 0x000001f00090fd00 Thread added: 0x000001f006c730b0
Event: 380.763 Thread 0x000001f006c730b0 Thread exited: 0x000001f006c730b0
Event: 380.787 Thread 0x000001f00090fd00 Thread added: 0x000001f006c6f030
Event: 380.794 Thread 0x000001f00090fd00 Thread added: 0x000001f006c730b0
Event: 381.222 Thread 0x000001f006c730b0 Thread exited: 0x000001f006c730b0
Event: 381.222 Thread 0x000001f006c6f030 Thread exited: 0x000001f006c6f030
Event: 381.303 Thread 0x000001f00090fd00 Thread added: 0x000001f006c6f030
Event: 381.738 Thread 0x000001f006c6f030 Thread exited: 0x000001f006c6f030
Event: 381.855 Thread 0x000001f006b4e110 Thread added: 0x000001f013400000
Event: 381.860 Thread 0x000001f00090fd00 Thread added: 0x000001f006c740d0
Event: 381.860 Thread 0x000001f00090fd00 Thread added: 0x000001f006c6f030


Dynamic libraries:
0x00007ff6f9d40000 - 0x00007ff6f9d50000 	C:\Program Files\Java\jdk-26.0.2\bin\java.exe
0x00007ffd18750000 - 0x00007ffd18948000 	C:\Windows\SYSTEM32\ntdll.dll
0x00007ffd16d30000 - 0x00007ffd16df2000 	C:\Windows\System32\KERNEL32.DLL
0x00007ffd16360000 - 0x00007ffd16656000 	C:\Windows\System32\KERNELBASE.dll
0x00007ffd0ee90000 - 0x00007ffd0ef24000 	C:\Windows\SYSTEM32\apphelp.dll
0x00007ffd15de0000 - 0x00007ffd15ee0000 	C:\Windows\System32\ucrtbase.dll
0x00007ffce9b80000 - 0x00007ffce9b97000 	C:\Program Files\Java\jdk-26.0.2\bin\jli.dll
0x00007ffce7970000 - 0x00007ffce798e000 	C:\Program Files\Java\jdk-26.0.2\bin\VCRUNTIME140.dll
0x00007ffd17a10000 - 0x00007ffd17bb1000 	C:\Windows\System32\USER32.dll
0x00007ffd15ee0000 - 0x00007ffd15f02000 	C:\Windows\System32\win32u.dll
0x00007ffd01000000 - 0x00007ffd0129b000 	C:\Windows\WinSxS\amd64_microsoft.windows.common-controls_6595b64144ccf1df_6.0.19041.6456_none_60b8a6cb71f64256\COMCTL32.dll
0x00007ffd16770000 - 0x00007ffd1679b000 	C:\Windows\System32\GDI32.dll
0x00007ffd17970000 - 0x00007ffd17a0e000 	C:\Windows\System32\msvcrt.dll
0x00007ffd15fb0000 - 0x00007ffd160c9000 	C:\Windows\System32\gdi32full.dll
0x00007ffd15f10000 - 0x00007ffd15fad000 	C:\Windows\System32\msvcp_win.dll
0x00007ffd16870000 - 0x00007ffd1689f000 	C:\Windows\System32\IMM32.DLL
0x00007ffd0cd90000 - 0x00007ffd0cd9c000 	C:\Program Files\Java\jdk-26.0.2\bin\vcruntime140_1.dll
0x00007ffcd4610000 - 0x00007ffcd469d000 	C:\Program Files\Java\jdk-26.0.2\bin\msvcp140.dll
0x00007ffc28f90000 - 0x00007ffc29e61000 	C:\Program Files\Java\jdk-26.0.2\bin\server\jvm.dll
0x00007ffd17ec0000 - 0x00007ffd17f71000 	C:\Windows\System32\ADVAPI32.dll
0x00007ffd16960000 - 0x00007ffd169ff000 	C:\Windows\System32\sechost.dll
0x00007ffd16c10000 - 0x00007ffd16d30000 	C:\Windows\System32\RPCRT4.dll
0x00007ffd16330000 - 0x00007ffd16357000 	C:\Windows\System32\bcrypt.dll
0x00007ffd17570000 - 0x00007ffd175db000 	C:\Windows\System32\WS2_32.dll
0x00007ffd15c40000 - 0x00007ffd15c8b000 	C:\Windows\SYSTEM32\POWRPROF.dll
0x00007ffd0cf50000 - 0x00007ffd0cf5a000 	C:\Windows\SYSTEM32\VERSION.dll
0x00007ffd00fd0000 - 0x00007ffd00ff7000 	C:\Windows\SYSTEM32\WINMM.dll
0x00007ffd15c20000 - 0x00007ffd15c32000 	C:\Windows\SYSTEM32\UMPDC.dll
0x00007ffd145f0000 - 0x00007ffd14602000 	C:\Windows\SYSTEM32\kernel.appcore.dll
0x00007ffcf3620000 - 0x00007ffcf362a000 	C:\Program Files\Java\jdk-26.0.2\bin\jimage.dll
0x00007ffd10ae0000 - 0x00007ffd10ce1000 	C:\Windows\SYSTEM32\DBGHELP.DLL
0x00007ffcf3440000 - 0x00007ffcf3474000 	C:\Windows\SYSTEM32\dbgcore.DLL
0x00007ffd166e0000 - 0x00007ffd16762000 	C:\Windows\System32\bcryptPrimitives.dll
0x00007ffcf3480000 - 0x00007ffcf3490000 	C:\Program Files\Java\jdk-26.0.2\bin\instrument.dll
0x00007ffce6250000 - 0x00007ffce626f000 	C:\Program Files\Java\jdk-26.0.2\bin\java.dll
0x00007ffd17fe0000 - 0x00007ffd1810b000 	C:\Windows\System32\ole32.dll
0x00007ffd17600000 - 0x00007ffd17954000 	C:\Windows\System32\combase.dll
0x00007ffd16e00000 - 0x00007ffd17570000 	C:\Windows\System32\SHELL32.dll
0x00007ffd10cf0000 - 0x00007ffd11495000 	C:\Windows\SYSTEM32\windows.storage.dll
0x00007ffd15730000 - 0x00007ffd1575b000 	C:\Windows\SYSTEM32\Wldp.dll
0x00007ffd167a0000 - 0x00007ffd1686d000 	C:\Windows\System32\OLEAUT32.dll
0x00007ffd18580000 - 0x00007ffd1862d000 	C:\Windows\System32\SHCORE.dll
0x00007ffd17f80000 - 0x00007ffd17fdb000 	C:\Windows\System32\shlwapi.dll
0x00007ffd15d10000 - 0x00007ffd15d34000 	C:\Windows\SYSTEM32\profapi.dll
0x00007ffce5db0000 - 0x00007ffce5dc6000 	C:\Program Files\Java\jdk-26.0.2\bin\zip.dll
0x00007ffce5d90000 - 0x00007ffce5da2000 	C:\Program Files\Java\jdk-26.0.2\bin\net.dll
0x00007ffd15490000 - 0x00007ffd154fa000 	C:\Windows\system32\mswsock.dll
0x00007ffce4e20000 - 0x00007ffce4e36000 	C:\Program Files\Java\jdk-26.0.2\bin\nio.dll
0x00007ffcf2900000 - 0x00007ffcf2910000 	C:\Program Files\Java\jdk-26.0.2\bin\verify.dll
0x00007ffce2a40000 - 0x00007ffce2a85000 	C:\Users\Admin\AppData\Local\Zed\extensions\work\java\jdtls\1.61.0\configuration\org.eclipse.equinox.launcher\org.eclipse.equinox.launcher.win32.win32.x86_64_1.3.100.v20260804-1928\eclipse_11924.dll
0x00007ffd15690000 - 0x00007ffd156a8000 	C:\Windows\SYSTEM32\CRYPTSP.dll
0x00007ffd14db0000 - 0x00007ffd14de8000 	C:\Windows\system32\rsaenh.dll
0x00007ffd15cd0000 - 0x00007ffd15cfe000 	C:\Windows\SYSTEM32\USERENV.dll
0x00007ffd15680000 - 0x00007ffd1568c000 	C:\Windows\SYSTEM32\CRYPTBASE.dll
0x00007ffd15170000 - 0x00007ffd151ab000 	C:\Windows\SYSTEM32\IPHLPAPI.DLL
0x00007ffd168a0000 - 0x00007ffd168a8000 	C:\Windows\System32\NSI.dll
0x00007ffcda9b0000 - 0x00007ffcda9f9000 	C:\Users\Admin\AppData\Local\Temp\jna-63116079\jna12378232806590258444.dll
0x00007ffd17c50000 - 0x00007ffd17c58000 	C:\Windows\System32\PSAPI.DLL
0x00007ffd099d0000 - 0x00007ffd09ada000 	C:\Windows\SYSTEM32\winhttp.dll
0x00007ffd09ef0000 - 0x00007ffd09f07000 	C:\Windows\SYSTEM32\dhcpcsvc6.DLL
0x00007ffd0b1f0000 - 0x00007ffd0b20d000 	C:\Windows\SYSTEM32\dhcpcsvc.DLL
0x00007ffcf0e50000 - 0x00007ffcf0e5e000 	C:\Program Files\Java\jdk-26.0.2\bin\sunmscapi.dll
0x00007ffd161d0000 - 0x00007ffd1632d000 	C:\Windows\System32\CRYPT32.dll
0x00007ffd157a0000 - 0x00007ffd157c7000 	C:\Windows\SYSTEM32\ncrypt.dll
0x00007ffd15760000 - 0x00007ffd1579b000 	C:\Windows\SYSTEM32\NTASN1.dll
0x00007ffd151b0000 - 0x00007ffd1527a000 	C:\Windows\SYSTEM32\DNSAPI.dll
0x00007ffd033e0000 - 0x00007ffd03460000 	C:\Windows\System32\fwpuclnt.dll
0x00007ffd032f0000 - 0x00007ffd032fa000 	C:\Windows\System32\rasadhlp.dll
0x00007ffcf08b0000 - 0x00007ffcf08b9000 	C:\Program Files\Java\jdk-26.0.2\bin\extnet.dll

JVMTI agents:
C:/Users/Admin/AppData/Local/Zed/extensions/work/java/lombok/lombok-1.18.48.jar path:C:\Program Files\Java\jdk-26.0.2\bin\instrument.dll, loaded, initialized, instrumentlib options:none

dbghelp: loaded successfully - version: 4.0.5 - missing functions: none
symbol engine: initialized successfully - sym options: 0x614 - pdb path: .;C:\Program Files\Java\jdk-26.0.2\bin;C:\Windows\SYSTEM32;C:\Windows\WinSxS\amd64_microsoft.windows.common-controls_6595b64144ccf1df_6.0.19041.6456_none_60b8a6cb71f64256;C:\Program Files\Java\jdk-26.0.2\bin\server;C:\Users\Admin\AppData\Local\Zed\extensions\work\java\jdtls\1.61.0\configuration\org.eclipse.equinox.launcher\org.eclipse.equinox.launcher.win32.win32.x86_64_1.3.100.v20260804-1928;C:\Users\Admin\AppData\Local\Temp\jna-63116079

VM Arguments:
jvm_args: -Declipse.application=org.eclipse.jdt.ls.core.id1 -Dosgi.bundles.defaultStartLevel=4 -Declipse.product=org.eclipse.jdt.ls.core.product -Dosgi.checkConfiguration=true -Dosgi.sharedConfiguration.area=C:/Users/Admin/AppData/Local/Zed/extensions/work/java/jdtls/1.61.0/config_win -Dosgi.sharedConfiguration.area.readOnly=true -Dosgi.configuration.cascaded=true -Djava.import.generatesMetadataFilesAtProjectRoot=false -Djava.net.preferIPv4Stack=true -Xms1G --add-modules=ALL-SYSTEM --add-opens=java.base/java.util=ALL-UNNAMED --add-opens=java.base/java.lang=ALL-UNNAMED -javaagent:C:/Users/Admin/AppData/Local/Zed/extensions/work/java/lombok/lombok-1.18.48.jar 
java_command: C:/Users/Admin/AppData/Local/Zed/extensions/work/java/jdtls/1.61.0/plugins/org.eclipse.equinox.launcher_1.8.0.v20260804-1928.jar -data C:\Users\Admin\AppData\Roaming/jdtls-711a4d295c43b7523bf46a0af055adda72f57ff5 -Djdk.xml.maxGeneralEntitySizeLimit=0 -Djdk.xml.totalEntitySizeLimit=0
java_class_path (initial): C:/Users/Admin/AppData/Local/Zed/extensions/work/java/jdtls/1.61.0/plugins/org.eclipse.equinox.launcher_1.8.0.v20260804-1928.jar
Launcher Type: SUN_STANDARD

[Global flags]
     bool AOTAdapterCaching                        = false                                  {diagnostic} {ergonomic}
     bool AOTInvokeDynamicLinking                  = false                                  {diagnostic} {ergonomic}
     bool AOTRecordTraining                        = false                                  {diagnostic} {ergonomic}
     bool AOTReplayTraining                        = false                                  {diagnostic} {ergonomic}
     bool AOTStubCaching                           = false                                  {diagnostic} {ergonomic}
     intx CICompilerCount                          = 4                                         {product} {ergonomic}
     uint ConcGCThreads                            = 2                                         {product} {ergonomic}
     uint G1ConcRefinementThreads                  = 8                                         {product} {ergonomic}
     uint G1EagerReclaimRemSetThreshold            = 16                                   {experimental} {ergonomic}
   size_t G1HeapRegionSize                         = 2097152                                   {product} {ergonomic}
     uint G1RemSetArrayOfCardsEntries              = 16                                   {experimental} {ergonomic}
     uint G1RemSetHowlMaxNumBuckets                = 8                                    {experimental} {ergonomic}
     uint G1RemSetHowlNumBuckets                   = 8                                    {experimental} {ergonomic}
   size_t InitialHeapSize                          = 1073741824                                {product} {command line}
     bool IntelJccErratumMitigation                = true                              {ARCH diagnostic} {ergonomic}
   size_t MarkStackSize                            = 4194304                                   {product} {ergonomic}
   size_t MarkStackSizeMax                         = 536870912                                 {product} {ergonomic}
   size_t MaxHeapSize                              = 4259315712                                {product} {ergonomic}
   size_t MaxNewSize                               = 2554331136                                {product} {ergonomic}
 uint64_t MaxRAM                                   = 17032237056                               {product} {ergonomic}
   size_t MinHeapDeltaBytes                        = 2097152                                   {product} {ergonomic}
   size_t MinHeapSize                              = 1073741824                                {product} {command line}
   size_t NonNMethodCodeHeapSize                   = 5898240                                {pd product} {ergonomic}
   size_t NonProfiledCodeHeapSize                  = 122945536                              {pd product} {ergonomic}
     bool PerfDisableSharedMem                     = true                                      {product} {ergonomic}
   size_t ProfiledCodeHeapSize                     = 122945536                              {pd product} {ergonomic}
   size_t ReservedCodeCacheSize                    = 251789312                              {pd product} {ergonomic}
     bool SegmentedCodeCache                       = true                                      {product} {ergonomic}
   size_t SoftMaxHeapSize                          = 4259315712                             {manageable} {ergonomic}
     bool UseCompressedOops                        = true                           {product lp64_product} {ergonomic}
     bool UseCondCardMark                          = true                                      {product} {ergonomic}
     bool UseFastUnorderedTimeStamps               = true                                 {experimental} {ergonomic}
     bool UseG1GC                                  = true                                      {product} {ergonomic}
     bool UseLargePagesIndividualAllocation        = false                                  {pd product} {ergonomic}
      int X86ICacheSync                            = 2                                 {ARCH diagnostic} {ergonomic}

Logging:
Log output configuration:
 #0: stdout all=warning uptime,level,tags foldmultilines=false
 #1: stderr all=off uptime,level,tags foldmultilines=false

Release file:
IMPLEMENTOR="Oracle Corporation" 
JAVA_RUNTIME_VERSION="26.0.2+10-55" 
JAVA_VERSION="26.0.2" 
JAVA_VERSION_DATE="2026-07-21" 
LIBC="default" 
MODULES="java.base java.compiler java.datatransfer java.xml java.prefs java.desktop java.instrument java.logging java.management java.security.sasl java.naming java.rmi java.management.rmi java.net.http java.scripting java.security.jgss java.transaction.xa java.sql java.sql.rowset java.xml.crypto java.se java.smartcardio jdk.accessibility jdk.internal.jvmstat jdk.attach jdk.charsets jdk.internal.opt jdk.zipfs jdk.compiler jdk.crypto.cryptoki jdk.crypto.ec jdk.crypto.mscapi jdk.dynalink jdk.internal.ed jdk.editpad jdk.internal.vm.ci jdk.graal.compiler jdk.graal.compiler.management jdk.hotspot.agent jdk.httpserver jdk.incubator.vector jdk.internal.le jdk.internal.md jdk.jartool jdk.javadoc jdk.jcmd jdk.management jdk.management.agent jdk.jconsole jdk.jdeps jdk.jdwp.agent jdk.jdi jdk.jfr jdk.jlink jdk.jpackage jdk.jshell jdk.jstatd jdk.localedata jdk.management.jfr jdk.naming.dns jdk.naming.rmi jdk.net jdk.nio.mapmode jdk.sctp jdk.security.auth jdk.security.jgss jdk.unsupported jdk.unsupported.desktop jdk.xml.dom" 
OS_ARCH="x86_64" 
OS_NAME="Windows" 
SOURCE=".:git:28b9aeff05f1 open:git:fa67dfdcec4b" 

Environment Variables:
PATH=C:\Program Files\Common Files\Oracle\Java\javapath;C:\Program Files (x86)\Common Files\Oracle\Java\java8path;C:\Program Files (x86)\Common Files\Oracle\Java\javapath;C:\Program Files\Eclipse Adoptium\jdk-25.0.4.7-hotspot\bin;C:\Windows\system32;C:\Windows;C:\Windows\System32\Wbem;C:\Windows\System32\WindowsPowerShell\v1.0\;C:\Windows\System32\OpenSSH\;C:\Users\Admin\AppData\Local\Microsoft\WindowsApps
USERNAME=Admin
OS=Windows_NT
PROCESSOR_IDENTIFIER=Intel64 Family 6 Model 142 Stepping 10, GenuineIntel
TMP=C:\Users\Admin\AppData\Local\Temp
TEMP=C:\Users\Admin\AppData\Local\Temp




Compilation memory statistics disabled.

Periodic native trim disabled

---------------  S Y S T E M  ---------------

OS:
 Windows 10 , 64 bit Build 19041 (10.0.19041.5915)
OS uptime: 0 days 4:59 hours

CPU: total 8 (initial active 8) (4 cores per cpu, 2 threads per core) family 6 model 142 stepping 10 microcode 0xf6, cx8, cmov, fxsr, ht, mmx, 3dnowpref, sse, sse2, sse3, ssse3, sse4.1, sse4.2, popcnt, lzcnt, tsc, tscinvbit, avx, avx2, aes, erms, clmul, bmi1, bmi2, adx, fma, vzeroupper, clflush, clflushopt, rdtscp, f16c
Processor Information for processor 0
  Max Mhz: 1800, Current Mhz: 1400, Mhz Limit: 1584
Processor Information for processor 1
  Max Mhz: 1800, Current Mhz: 1400, Mhz Limit: 1584
Processor Information for processor 2
  Max Mhz: 1800, Current Mhz: 1600, Mhz Limit: 1584
Processor Information for processor 3
  Max Mhz: 1800, Current Mhz: 1400, Mhz Limit: 1584
Processor Information for processor 4
  Max Mhz: 1800, Current Mhz: 1400, Mhz Limit: 1584
Processor Information for processor 5
  Max Mhz: 1800, Current Mhz: 1600, Mhz Limit: 1584
Processor Information for processor 6
  Max Mhz: 1800, Current Mhz: 1600, Mhz Limit: 1584
Processor Information for processor 7
  Max Mhz: 1800, Current Mhz: 1400, Mhz Limit: 1584

Memory: 4k page, system-wide physical 16243M (3211M free)
TotalPageFile size 41760M (AvailPageFile size 28M)
current process WorkingSet (physical memory assigned to process): 777M, peak: 781M
current process commit charge ("private bytes"): 1319M, peak: 1386M

vm_info: Java HotSpot(TM) 64-Bit Server VM (26.0.2+10-55) for windows-amd64 JRE (26.0.2+10-55), built on 2026-06-17T09:18:01Z with MS VC++ 17.13 (VS2022)

END.
